
-- 회원 정보 
INSERT INTO `member` (`mno`, `mstate`, `userid`, `userpw`, `name`, `birth`, `email`, `phone`, `gender`, `approval_status`, `approval_key`, `regdate`, `pwdate`, `logdate`, `photo`, `enabled`) VALUES
	(101, 1, 'rider0', '1234', '동승자0', NULL, 'rider0@carpool.com', '010-2222-3333', 2, 'true', NULL, '2018-11-29 15:49:35', NULL, NULL, NULL, 1),
	(102, 1, 'rider1', '1234', '동승자1', NULL, 'rider1@carpool.com', '010-2222-3333', 1, 'true', NULL, '2018-11-29 15:49:35', NULL, NULL, NULL, 1),
	(103, 1, 'rider2', '1234', '동승자2', NULL, 'rider2@carpool.com', '010-2222-3333', 2, 'true', NULL, '2018-11-29 15:49:35', NULL, NULL, NULL, 1),
	(104, 1, 'rider3', '1234', '동승자3', NULL, 'rider3@carpool.com', '010-2222-3333', 1, 'true', NULL, '2018-11-29 15:49:35', NULL, NULL, NULL, 1),
	(105, 1, 'rider4', '1234', '동승자4', NULL, 'rider4@carpool.com', '010-2222-3333', 2, 'true', NULL, '2018-11-29 15:49:35', NULL, NULL, NULL, 1),
	(106, 1, 'rider5', '1234', '동승자5', NULL, 'rider5@carpool.com', '010-2222-3333', 1, 'true', NULL, '2018-11-29 15:49:35', NULL, NULL, NULL, 1),
	(107, 1, 'rider6', '1234', '동승자6', NULL, 'rider6@carpool.com', '010-2222-3333', 2, 'true', NULL, '2018-11-29 15:49:35', NULL, NULL, NULL, 1),
	(108, 1, 'rider7', '1234', '동승자7', NULL, 'rider7@carpool.com', '010-2222-3333', 1, 'true', NULL, '2018-11-29 15:49:35', NULL, NULL, NULL, 1),
	(109, 1, 'rider8', '1234', '동승자8', NULL, 'rider8@carpool.com', '010-2222-3333', 2, 'true', NULL, '2018-11-29 15:49:35', NULL, NULL, NULL, 1),
	(110, 1, 'rider9', '1234', '동승자9', NULL, 'rider9@carpool.com', '010-2222-3333', 1, 'true', NULL, '2018-11-29 15:49:35', NULL, NULL, NULL, 1),
	(111, 1, 'rider10', '1234', '동승자10', NULL, 'rider10@carpool.com', '010-2222-3333', 2, 'true', NULL, '2018-11-29 15:49:35', NULL, NULL, NULL, 1),
	(112, 1, 'rider11', '1234', '동승자11', NULL, 'rider11@carpool.com', '010-2222-3333', 1, 'true', NULL, '2018-11-29 15:49:35', NULL, NULL, NULL, 1),
	(113, 1, 'rider12', '1234', '동승자12', NULL, 'rider12@carpool.com', '010-2222-3333', 2, 'true', NULL, '2018-11-29 15:49:35', NULL, NULL, NULL, 1),
	(114, 1, 'rider13', '1234', '동승자13', NULL, 'rider13@carpool.com', '010-2222-3333', 1, 'true', NULL, '2018-11-29 15:49:35', NULL, NULL, NULL, 1),
	(115, 1, 'rider14', '1234', '동승자14', NULL, 'rider14@carpool.com', '010-2222-3333', 2, 'true', NULL, '2018-11-29 15:49:35', NULL, NULL, NULL, 1),
	(116, 1, 'rider15', '1234', '동승자15', NULL, 'rider15@carpool.com', '010-2222-3333', 1, 'true', NULL, '2018-11-29 15:49:35', NULL, NULL, NULL, 1),
	(117, 1, 'rider16', '1234', '동승자16', NULL, 'rider16@carpool.com', '010-2222-3333', 2, 'true', NULL, '2018-11-29 15:49:35', NULL, NULL, NULL, 1),
	(118, 1, 'rider17', '1234', '동승자17', NULL, 'rider17@carpool.com', '010-2222-3333', 1, 'true', NULL, '2018-11-29 15:49:35', NULL, NULL, NULL, 1),
	(119, 1, 'rider18', '1234', '동승자18', NULL, 'rider18@carpool.com', '010-2222-3333', 2, 'true', NULL, '2018-11-29 15:49:35', NULL, NULL, NULL, 1),
	(120, 1, 'rider19', '1234', '동승자19', NULL, 'rider19@carpool.com', '010-2222-3333', 1, 'true', NULL, '2018-11-29 15:49:35', NULL, NULL, NULL, 1),
	(121, 1, 'rider20', '1234', '동승자20', NULL, 'rider20@carpool.com', '010-2222-3333', 2, 'true', NULL, '2018-11-29 15:49:35', NULL, NULL, NULL, 1),
	(122, 1, 'rider21', '1234', '동승자21', NULL, 'rider21@carpool.com', '010-2222-3333', 1, 'true', NULL, '2018-11-29 15:49:35', NULL, NULL, NULL, 1),
	(123, 1, 'rider22', '1234', '동승자22', NULL, 'rider22@carpool.com', '010-2222-3333', 2, 'true', NULL, '2018-11-29 15:49:35', NULL, NULL, NULL, 1),
	(124, 1, 'rider23', '1234', '동승자23', NULL, 'rider23@carpool.com', '010-2222-3333', 1, 'true', NULL, '2018-11-29 15:49:35', NULL, NULL, NULL, 1),
	(125, 1, 'rider24', '1234', '동승자24', NULL, 'rider24@carpool.com', '010-2222-3333', 2, 'true', NULL, '2018-11-29 15:49:35', NULL, NULL, NULL, 1),
	(126, 1, 'rider25', '1234', '동승자25', NULL, 'rider25@carpool.com', '010-2222-3333', 1, 'true', NULL, '2018-11-29 15:49:35', NULL, NULL, NULL, 1),
	(127, 1, 'rider26', '1234', '동승자26', NULL, 'rider26@carpool.com', '010-2222-3333', 2, 'true', NULL, '2018-11-29 15:49:35', NULL, NULL, NULL, 1),
	(128, 1, 'rider27', '1234', '동승자27', NULL, 'rider27@carpool.com', '010-2222-3333', 1, 'true', NULL, '2018-11-29 15:49:35', NULL, NULL, NULL, 1),
	(129, 1, 'rider28', '1234', '동승자28', NULL, 'rider28@carpool.com', '010-2222-3333', 2, 'true', NULL, '2018-11-29 15:49:35', NULL, NULL, NULL, 1),
	(130, 1, 'rider29', '1234', '동승자29', NULL, 'rider29@carpool.com', '010-2222-3333', 1, 'true', NULL, '2018-11-29 15:49:35', NULL, NULL, NULL, 1),
	(131, 1, 'rider30', '1234', '동승자30', NULL, 'rider30@carpool.com', '010-2222-3333', 2, 'true', NULL, '2018-11-29 15:49:35', NULL, NULL, NULL, 1),
	(132, 1, 'rider31', '1234', '동승자31', NULL, 'rider31@carpool.com', '010-2222-3333', 1, 'true', NULL, '2018-11-29 15:49:35', NULL, NULL, NULL, 1),
	(133, 1, 'rider32', '1234', '동승자32', NULL, 'rider32@carpool.com', '010-2222-3333', 2, 'true', NULL, '2018-11-29 15:49:35', NULL, NULL, NULL, 1),
	(134, 1, 'rider33', '1234', '동승자33', NULL, 'rider33@carpool.com', '010-2222-3333', 1, 'true', NULL, '2018-11-29 15:49:35', NULL, NULL, NULL, 1),
	(135, 1, 'rider34', '1234', '동승자34', NULL, 'rider34@carpool.com', '010-2222-3333', 2, 'true', NULL, '2018-11-29 15:49:35', NULL, NULL, NULL, 1),
	(136, 1, 'rider35', '1234', '동승자35', NULL, 'rider35@carpool.com', '010-2222-3333', 1, 'true', NULL, '2018-11-29 15:49:35', NULL, NULL, NULL, 1),
	(137, 1, 'rider36', '1234', '동승자36', NULL, 'rider36@carpool.com', '010-2222-3333', 2, 'true', NULL, '2018-11-29 15:49:35', NULL, NULL, NULL, 1),
	(138, 1, 'rider37', '1234', '동승자37', NULL, 'rider37@carpool.com', '010-2222-3333', 1, 'true', NULL, '2018-11-29 15:49:35', NULL, NULL, NULL, 1),
	(139, 1, 'rider38', '1234', '동승자38', NULL, 'rider38@carpool.com', '010-2222-3333', 2, 'true', NULL, '2018-11-29 15:49:35', NULL, NULL, NULL, 1),
	(140, 1, 'rider39', '1234', '동승자39', NULL, 'rider39@carpool.com', '010-2222-3333', 1, 'true', NULL, '2018-11-29 15:49:35', NULL, NULL, NULL, 1),
	(141, 1, 'rider40', '1234', '동승자40', NULL, 'rider40@carpool.com', '010-2222-3333', 2, 'true', NULL, '2018-11-29 15:49:35', NULL, NULL, NULL, 1),
	(142, 1, 'rider41', '1234', '동승자41', NULL, 'rider41@carpool.com', '010-2222-3333', 1, 'true', NULL, '2018-11-29 15:49:35', NULL, NULL, NULL, 1),
	(143, 1, 'rider42', '1234', '동승자42', NULL, 'rider42@carpool.com', '010-2222-3333', 2, 'true', NULL, '2018-11-29 15:49:35', NULL, NULL, NULL, 1),
	(144, 1, 'rider43', '1234', '동승자43', NULL, 'rider43@carpool.com', '010-2222-3333', 1, 'true', NULL, '2018-11-29 15:49:35', NULL, NULL, NULL, 1),
	(145, 1, 'rider44', '1234', '동승자44', NULL, 'rider44@carpool.com', '010-2222-3333', 2, 'true', NULL, '2018-11-29 15:49:35', NULL, NULL, NULL, 1),
	(146, 1, 'rider45', '1234', '동승자45', NULL, 'rider45@carpool.com', '010-2222-3333', 1, 'true', NULL, '2018-11-29 15:49:35', NULL, NULL, NULL, 1),
	(147, 1, 'rider46', '1234', '동승자46', NULL, 'rider46@carpool.com', '010-2222-3333', 2, 'true', NULL, '2018-11-29 15:49:35', NULL, NULL, NULL, 1),
	(148, 1, 'rider47', '1234', '동승자47', NULL, 'rider47@carpool.com', '010-2222-3333', 1, 'true', NULL, '2018-11-29 15:49:35', NULL, NULL, NULL, 1),
	(149, 1, 'rider48', '1234', '동승자48', NULL, 'rider48@carpool.com', '010-2222-3333', 2, 'true', NULL, '2018-11-29 15:49:35', NULL, NULL, NULL, 1),
	(150, 1, 'rider49', '1234', '동승자49', NULL, 'rider49@carpool.com', '010-2222-3333', 1, 'true', NULL, '2018-11-29 15:49:35', NULL, NULL, NULL, 1),
	(151, 1, 'rider50', '1234', '동승자50', NULL, 'rider50@carpool.com', '010-2222-3333', 2, 'true', NULL, '2018-11-29 15:49:35', NULL, NULL, NULL, 1),
	(152, 1, 'rider51', '1234', '동승자51', NULL, 'rider51@carpool.com', '010-2222-3333', 1, 'true', NULL, '2018-11-29 15:49:35', NULL, NULL, NULL, 1),
	(153, 1, 'rider52', '1234', '동승자52', NULL, 'rider52@carpool.com', '010-2222-3333', 2, 'true', NULL, '2018-11-29 15:49:35', NULL, NULL, NULL, 1),
	(154, 1, 'rider53', '1234', '동승자53', NULL, 'rider53@carpool.com', '010-2222-3333', 1, 'true', NULL, '2018-11-29 15:49:35', NULL, NULL, NULL, 1),
	(155, 1, 'rider54', '1234', '동승자54', NULL, 'rider54@carpool.com', '010-2222-3333', 2, 'true', NULL, '2018-11-29 15:49:35', NULL, NULL, NULL, 1),
	(156, 1, 'rider55', '1234', '동승자55', NULL, 'rider55@carpool.com', '010-2222-3333', 1, 'true', NULL, '2018-11-29 15:49:35', NULL, NULL, NULL, 1),
	(157, 1, 'rider56', '1234', '동승자56', NULL, 'rider56@carpool.com', '010-2222-3333', 2, 'true', NULL, '2018-11-29 15:49:35', NULL, NULL, NULL, 1),
	(158, 1, 'rider57', '1234', '동승자57', NULL, 'rider57@carpool.com', '010-2222-3333', 1, 'true', NULL, '2018-11-29 15:49:35', NULL, NULL, NULL, 1),
	(159, 1, 'rider58', '1234', '동승자58', NULL, 'rider58@carpool.com', '010-2222-3333', 2, 'true', NULL, '2018-11-29 15:49:35', NULL, NULL, NULL, 1),
	(160, 1, 'rider59', '1234', '동승자59', NULL, 'rider59@carpool.com', '010-2222-3333', 1, 'true', NULL, '2018-11-29 15:49:35', NULL, NULL, NULL, 1),
	(161, 1, 'rider60', '1234', '동승자60', NULL, 'rider60@carpool.com', '010-2222-3333', 2, 'true', NULL, '2018-11-29 15:49:35', NULL, NULL, NULL, 1),
	(162, 1, 'rider61', '1234', '동승자61', NULL, 'rider61@carpool.com', '010-2222-3333', 1, 'true', NULL, '2018-11-29 15:49:35', NULL, NULL, NULL, 1),
	(163, 1, 'rider62', '1234', '동승자62', NULL, 'rider62@carpool.com', '010-2222-3333', 2, 'true', NULL, '2018-11-29 15:49:35', NULL, NULL, NULL, 1),
	(164, 1, 'rider63', '1234', '동승자63', NULL, 'rider63@carpool.com', '010-2222-3333', 1, 'true', NULL, '2018-11-29 15:49:35', NULL, NULL, NULL, 1),
	(165, 1, 'rider64', '1234', '동승자64', NULL, 'rider64@carpool.com', '010-2222-3333', 2, 'true', NULL, '2018-11-29 15:49:35', NULL, NULL, NULL, 1),
	(166, 1, 'rider65', '1234', '동승자65', NULL, 'rider65@carpool.com', '010-2222-3333', 1, 'true', NULL, '2018-11-29 15:49:35', NULL, NULL, NULL, 1),
	(167, 1, 'rider66', '1234', '동승자66', NULL, 'rider66@carpool.com', '010-2222-3333', 2, 'true', NULL, '2018-11-29 15:49:35', NULL, NULL, NULL, 1),
	(168, 1, 'rider67', '1234', '동승자67', NULL, 'rider67@carpool.com', '010-2222-3333', 1, 'true', NULL, '2018-11-29 15:49:35', NULL, NULL, NULL, 1),
	(169, 1, 'rider68', '1234', '동승자68', NULL, 'rider68@carpool.com', '010-2222-3333', 2, 'true', NULL, '2018-11-29 15:49:35', NULL, NULL, NULL, 1),
	(170, 1, 'rider69', '1234', '동승자69', NULL, 'rider69@carpool.com', '010-2222-3333', 1, 'true', NULL, '2018-11-29 15:49:35', NULL, NULL, NULL, 1),
	(171, 1, 'rider70', '1234', '동승자70', NULL, 'rider70@carpool.com', '010-2222-3333', 2, 'true', NULL, '2018-11-29 15:49:35', NULL, NULL, NULL, 1),
	(172, 1, 'rider71', '1234', '동승자71', NULL, 'rider71@carpool.com', '010-2222-3333', 1, 'true', NULL, '2018-11-29 15:49:35', NULL, NULL, NULL, 1),
	(173, 1, 'rider72', '1234', '동승자72', NULL, 'rider72@carpool.com', '010-2222-3333', 2, 'true', NULL, '2018-11-29 15:49:35', NULL, NULL, NULL, 1),
	(174, 1, 'rider73', '1234', '동승자73', NULL, 'rider73@carpool.com', '010-2222-3333', 1, 'true', NULL, '2018-11-29 15:49:35', NULL, NULL, NULL, 1),
	(175, 1, 'rider74', '1234', '동승자74', NULL, 'rider74@carpool.com', '010-2222-3333', 2, 'true', NULL, '2018-11-29 15:49:35', NULL, NULL, NULL, 1),
	(176, 1, 'rider75', '1234', '동승자75', NULL, 'rider75@carpool.com', '010-2222-3333', 1, 'true', NULL, '2018-11-29 15:49:35', NULL, NULL, NULL, 1),
	(177, 1, 'rider76', '1234', '동승자76', NULL, 'rider76@carpool.com', '010-2222-3333', 2, 'true', NULL, '2018-11-29 15:49:35', NULL, NULL, NULL, 1),
	(178, 1, 'rider77', '1234', '동승자77', NULL, 'rider77@carpool.com', '010-2222-3333', 1, 'true', NULL, '2018-11-29 15:49:35', NULL, NULL, NULL, 1),
	(179, 1, 'rider78', '1234', '동승자78', NULL, 'rider78@carpool.com', '010-2222-3333', 2, 'true', NULL, '2018-11-29 15:49:35', NULL, NULL, NULL, 1),
	(180, 1, 'rider79', '1234', '동승자79', NULL, 'rider79@carpool.com', '010-2222-3333', 1, 'true', NULL, '2018-11-29 15:49:35', NULL, NULL, NULL, 1),
	(181, 1, 'driver80', '1234', '운전자80', NULL, 'driver80@carpool.com', '010-2222-3333', 2, 'true', NULL, '2018-11-29 15:49:35', NULL, NULL, NULL, 1),
	(182, 1, 'driver81', '1234', '운전자81', NULL, 'driver81@carpool.com', '010-2222-3333', 1, 'true', NULL, '2018-11-29 15:49:35', NULL, NULL, NULL, 1),
	(183, 1, 'driver82', '1234', '운전자82', NULL, 'driver82@carpool.com', '010-2222-3333', 2, 'true', NULL, '2018-11-29 15:49:35', NULL, NULL, NULL, 1),
	(184, 1, 'driver83', '1234', '운전자83', NULL, 'driver83@carpool.com', '010-2222-3333', 1, 'true', NULL, '2018-11-29 15:49:35', NULL, NULL, NULL, 1),
	(185, 1, 'driver84', '1234', '운전자84', NULL, 'driver84@carpool.com', '010-2222-3333', 2, 'true', NULL, '2018-11-29 15:49:35', NULL, NULL, NULL, 1),
	(186, 1, 'driver85', '1234', '운전자85', NULL, 'driver85@carpool.com', '010-2222-3333', 1, 'true', NULL, '2018-11-29 15:49:35', NULL, NULL, NULL, 1),
	(187, 1, 'driver86', '1234', '운전자86', NULL, 'driver86@carpool.com', '010-2222-3333', 2, 'true', NULL, '2018-11-29 15:49:35', NULL, NULL, NULL, 1),
	(188, 1, 'driver87', '1234', '운전자87', NULL, 'driver87@carpool.com', '010-2222-3333', 1, 'true', NULL, '2018-11-29 15:49:35', NULL, NULL, NULL, 1),
	(189, 1, 'driver88', '1234', '운전자88', NULL, 'driver88@carpool.com', '010-2222-3333', 2, 'true', NULL, '2018-11-29 15:49:35', NULL, NULL, NULL, 1),
	(190, 1, 'driver89', '1234', '운전자89', NULL, 'driver89@carpool.com', '010-2222-3333', 1, 'true', NULL, '2018-11-29 15:49:35', NULL, NULL, NULL, 1),
	(191, 1, 'admin90', '1234', '관리자90', NULL, 'admin90@carpool.com', '010-2222-3333', 2, 'true', NULL, '2018-11-14 23:32:44', '2018-11-14 23:32:46', NULL, NULL, 1),
	(192, 1, 'admin91', '1234', '관리자91', NULL, 'admin91@carpool.com', '010-2222-3333', 1, 'true', NULL, '2018-11-29 15:49:35', NULL, NULL, NULL, 1),
	(193, 1, 'admin92', '1234', '관리자92', NULL, 'admin92@carpool.com', '010-2222-3333', 2, 'true', NULL, '2018-11-29 15:49:35', NULL, NULL, NULL, 1),
	(194, 1, 'admin93', '1234', '관리자93', NULL, 'admin93@carpool.com', '010-2222-3333', 1, 'true', NULL, '2018-11-29 15:49:35', NULL, NULL, NULL, 1),
	(195, 1, 'admin94', '1234', '관리자94', NULL, 'admin94@carpool.com', '010-2222-3333', 2, 'true', NULL, '2018-11-29 15:49:35', NULL, NULL, NULL, 1),
	(196, 1, 'admin95', '1234', '관리자95', NULL, 'admin95@carpool.com', '010-2222-3333', 1, 'true', NULL, '2018-11-29 15:49:35', NULL, NULL, NULL, 1),
	(197, 1, 'admin96', '1234', '관리자96', NULL, 'admin96@carpool.com', '010-2222-3333', 2, 'true', NULL, '2018-11-29 15:49:35', NULL, NULL, NULL, 1),
	(198, 1, 'admin97', '1234', '관리자97', NULL, 'admin97@carpool.com', '010-2222-3333', 1, 'true', NULL, '2018-11-29 15:49:35', NULL, NULL, NULL, 1),
	(199, 1, 'admin98', '1234', '관리자98', NULL, 'admin98@carpool.com', '010-2222-3333', 2, 'true', NULL, '2018-11-29 15:49:35', NULL, NULL, NULL, 1),
	(200, 1, 'admin99', '1234', '관리자99', NULL, 'admin99@carpool.com', '010-2222-3333', 1, 'true', NULL, '2018-11-29 15:49:35', NULL, NULL, NULL, 1);

-- 회원 권한 정보 입력
INSERT INTO `member_auth` (`userid`, `authority`, `sessionKey`, `sessionLimit`) VALUES
	('rider0', 'ROLE_RIDER', NULL, NULL),	('rider1', 'ROLE_RIDER', 'D32A27B28AE208A1E92B10D55A41A77A', '2018-12-02 17:17:47'),
	('rider2', 'ROLE_RIDER', NULL, NULL),	('rider3', 'ROLE_RIDER', NULL, NULL),	('rider4', 'ROLE_RIDER', NULL, NULL),	('rider5', 'ROLE_RIDER', NULL, NULL),
	('rider6', 'ROLE_RIDER', NULL, NULL),	('rider7', 'ROLE_RIDER', NULL, NULL),	('rider8', 'ROLE_RIDER', NULL, NULL),	('rider9', 'ROLE_RIDER', NULL, NULL),
	('rider10', 'ROLE_RIDER', NULL, NULL), ('rider11', 'ROLE_RIDER', NULL, NULL),	('rider12', 'ROLE_RIDER', NULL, NULL), ('rider13', 'ROLE_RIDER', NULL, NULL),
	('rider14', 'ROLE_RIDER', NULL, NULL), ('rider15', 'ROLE_RIDER', NULL, NULL),	('rider16', 'ROLE_RIDER', NULL, NULL), ('rider17', 'ROLE_RIDER', NULL, NULL),
	('rider18', 'ROLE_RIDER', NULL, NULL), ('rider19', 'ROLE_RIDER', NULL, NULL),	('rider20', 'ROLE_RIDER', NULL, NULL), ('rider21', 'ROLE_RIDER', NULL, NULL),
	('rider22', 'ROLE_RIDER', NULL, NULL), ('rider23', 'ROLE_RIDER', NULL, NULL),	('rider24', 'ROLE_RIDER', NULL, NULL), ('rider25', 'ROLE_RIDER', NULL, NULL),
	('rider26', 'ROLE_RIDER', NULL, NULL), ('rider27', 'ROLE_RIDER', NULL, NULL),	('rider28', 'ROLE_RIDER', NULL, NULL), ('rider29', 'ROLE_RIDER', NULL, NULL),
	('rider30', 'ROLE_RIDER', NULL, NULL), ('rider31', 'ROLE_RIDER', NULL, NULL),	('rider32', 'ROLE_RIDER', NULL, NULL), ('rider33', 'ROLE_RIDER', NULL, NULL),
	('rider34', 'ROLE_RIDER', NULL, NULL), ('rider35', 'ROLE_RIDER', NULL, NULL),	('rider36', 'ROLE_RIDER', NULL, NULL), ('rider37', 'ROLE_RIDER', NULL, NULL),
	('rider38', 'ROLE_RIDER', NULL, NULL), ('rider39', 'ROLE_RIDER', NULL, NULL),	('rider40', 'ROLE_RIDER', NULL, NULL), ('rider41', 'ROLE_RIDER', NULL, NULL),
	('rider42', 'ROLE_RIDER', NULL, NULL), ('rider43', 'ROLE_RIDER', NULL, NULL),	('rider44', 'ROLE_RIDER', NULL, NULL), ('rider45', 'ROLE_RIDER', NULL, NULL),
	('rider46', 'ROLE_RIDER', NULL, NULL), ('rider47', 'ROLE_RIDER', NULL, NULL),	('rider48', 'ROLE_RIDER', NULL, NULL), ('rider49', 'ROLE_RIDER', NULL, NULL),
	('rider50', 'ROLE_RIDER', NULL, NULL), ('rider51', 'ROLE_RIDER', NULL, NULL),	('rider52', 'ROLE_RIDER', NULL, NULL), ('rider53', 'ROLE_RIDER', NULL, NULL),
	('rider54', 'ROLE_RIDER', NULL, NULL), ('rider55', 'ROLE_RIDER', NULL, NULL),	('rider56', 'ROLE_RIDER', NULL, NULL), ('rider57', 'ROLE_RIDER', NULL, NULL),
	('rider58', 'ROLE_RIDER', NULL, NULL), ('rider59', 'ROLE_RIDER', NULL, NULL),	('rider60', 'ROLE_RIDER', NULL, NULL), ('rider61', 'ROLE_RIDER', NULL, NULL),
	('rider62', 'ROLE_RIDER', NULL, NULL), ('rider63', 'ROLE_RIDER', NULL, NULL),	('rider64', 'ROLE_RIDER', NULL, NULL), ('rider65', 'ROLE_RIDER', NULL, NULL),
	('rider66', 'ROLE_RIDER', NULL, NULL), ('rider67', 'ROLE_RIDER', NULL, NULL),	('rider68', 'ROLE_RIDER', NULL, NULL), ('rider69', 'ROLE_RIDER', NULL, NULL),
	('rider70', 'ROLE_RIDER', NULL, NULL), ('rider71', 'ROLE_RIDER', NULL, NULL),	('rider72', 'ROLE_RIDER', NULL, NULL), ('rider73', 'ROLE_RIDER', NULL, NULL),
	('rider74', 'ROLE_RIDER', NULL, NULL), ('rider75', 'ROLE_RIDER', NULL, NULL),	('rider76', 'ROLE_RIDER', NULL, NULL), ('rider77', 'ROLE_RIDER', NULL, NULL),
	('rider78', 'ROLE_RIDER', NULL, NULL), ('rider79', 'ROLE_RIDER', NULL, NULL),	('driver80', 'ROLE_DRIVER', NULL, NULL), ('driver81', 'ROLE_DRIVER', NULL, NULL),
	('driver82', 'ROLE_DRIVER', NULL, NULL), ('driver83', 'ROLE_DRIVER', NULL, NULL),	('driver84', 'ROLE_DRIVER', NULL, NULL), ('driver85', 'ROLE_DRIVER', NULL, NULL),
	('driver86', 'ROLE_DRIVER', NULL, NULL), ('driver87', 'ROLE_DRIVER', NULL, NULL),	('driver88', 'ROLE_DRIVER', NULL, NULL), ('driver89', 'ROLE_DRIVER', NULL, NULL),
	('admin90', 'ROLE_ADMIN', NULL, NULL), ('admin91', 'ROLE_ADMIN', NULL, NULL),	('admin92', 'ROLE_ADMIN', NULL, NULL), ('admin93', 'ROLE_ADMIN', NULL, NULL),
	('admin94', 'ROLE_ADMIN', NULL, NULL), ('admin95', 'ROLE_ADMIN', NULL, NULL),	('admin96', 'ROLE_ADMIN', NULL, NULL), ('admin97', 'ROLE_ADMIN', NULL, NULL),
	('admin98', 'ROLE_ADMIN', NULL, NULL), ('admin99', 'ROLE_ADMIN', NULL, NULL),	('exam01', 'ROLE_RIDER', NULL, NULL);

-- 드라이버 정보
INSERT INTO `driver` (`mno`, `license_no`, `car_no`, `car_prod`, `car_model`, `car_color`, `car_year`, `insurance`, `license_photo`, `license_chk`, `insurance_photo`, `insurance_chk`, `car_photo`, `car_photo_chk`, `carReg_photo`, `carReg_photo_chk`, `post_date`, `post_state`) VALUES
	(181, '11-12-123456-78', '38육 4104', '현대', '소나타NF', '회색', '2014', '대물손배상2', NULL, NULL, NULL, NULL, NULL, NULL, NULL, NULL, NULL, 1),
	(182, '22-33-123485-99', '28두 8888', '기아', '소렌토', '검정색', '2013', '대물손배상2', NULL, NULL, NULL, NULL, NULL, NULL, NULL, NULL, NULL, 1),
	(183, '33-55-666666-88', '33소 7788', 'GM대우', '스파크', '빨강색', '2016', '대물손배상2', NULL, NULL, NULL, NULL, NULL, NULL, NULL, NULL, NULL, 1),
	(186, '11-222222-1185', '85모 3456', '현대', '스타랙스', '회색', '2016', '대물손배상2', 'rider01_license.jpg', NULL, 'rider01_insurance.jpg', NULL, 'rider01_car.jpg', NULL, 'rider01_carReg.jpg', NULL, NULL, 1);

-- 카풀 정보
INSERT INTO `carpool_info` (`cpno`, `start_point`, `cptype`, `end_point`, `start_long`, `start_lat`, `end_long`, `end_lat`, `start_datetime`, `seat_num`, `charge`, `seat_opt`, `drive_opt`, `trunk_use`, `smoke_use`, `req_msg`, `mno`, `reg_date`) VALUES
	(1, '인천 연수구 경원대로 지하 480 (선학동, 선학역)', 1, '서울 종로구 삼일대로 382 (관철동, 신영빌딩)', '126.69895861120985', '37.42712377335625', '126.9879833865063', '37.568708602313606', '2018-11-29 06:15:00', 3, 5000, 2, 2, 0, 0, '좋은 느낌으로 갑시다.', 27, '2018-11-22 22:58:39'),
	(3, '인천 연수구 경원대로 지하 368 (선학동, 신연수역)', 1, '서울 강남구 강남대로 298 (역삼동, 푸르덴셜타워)', '126.69385312497738', '37.41795274923142', '127.03211770708097', '37.490032989598795', '2018-11-13 09:00:00', 2, 5000, 1, 1, 1, 0, 'ㄴㅇㄹㅇㄴㄹㅇㄴ', 102, '2018-11-26 10:04:50'),
	(4, '인천 미추홀구 매소홀로 618 (문학동, 문학경기장)', 1, '경기 부천시 경인로 4 (송내동)', '126.68647839588277', '37.43645465912341', '126.75559746431378', '37.48271706666106', '2018-11-30 09:00:00', 1, 2000, 2, 4, 0, 0, 'ㄱㄱㄷㄱㄳㄷㄳ', 102, '2018-11-26 15:33:59'),
	(5, '경기 부천시 고리울로 6 (고강동, 다솔주택)', 1, '서울 강남구 강남대로 478 (논현동, 제우빌딩)', '126.8166546590982', '37.52774444777092', '127.02466878815', '37.505106816104416', '2018-11-29 09:00:00', 2, 5330, 2, 1, 0, 0, 'ㄴㅇㄹㄴㅇㄻㄴ', 105, '2018-11-26 15:35:34'),
	(6, '경기 성남시 분당구 판교로 20 (판교동, 판교원마을3단지아파트)', 1, '경기 고양시 일산동구 일산로 9 (백석동, 흰돌마을 5단지)', '127.08623467878444', '37.387164003315526', '126.7843449798358', '37.64055889018112', '2018-11-28 08:00:00', 3, 8445, 1, 1, 1, 0, '오래 걸립니다.', 106, '2018-11-27 00:21:26'),
	(7, '충남 공주시 유구읍 선학동길 12 (동해리)', 1, '광주 남구 수원지2길 6 (월산동)', '127.01789089967438', '36.61944713197705', '126.90124778506406', '35.150257434579814', '2018-11-28 09:00:00', 1, 10000, 2, 1, 1, 0, 'ㄴㅇㄹㄴㅇㄹㄴㅇㄹㅇㄴㄹ', 132, '2018-11-27 09:57:52'),
	(8, '경기 성남시 분당구 판교역로2번길 2 (백현동, 태진빌딩)', 2, '서울 양천구 목동중앙로 11 (목동, 대원칸타빌2단지아파트)', '0', '0', '0', '0', '2018-11-28 07:25:00', 2, 3000, 2, 3, 0, 0, 'ㄴㅇㄹㄴㅇㄹㄴㅇㄹ', 181, '2018-11-27 15:42:09'),
	(9, '광주 광산구 가삼길 18 (지평동)', 2, '광주 광산구 건재로 761 (본덕동, 해피주유소)', '126.72091706809397', '35.15650570633213', '126.76661231078938', '35.08153321384213', '2018-11-28 08:45:00', 4, 2000, 2, 2, 0, 0, 'ㄴㅇㄹㅇㄴㄹㄴㅇㄹㄴㅇㄹ', 181, '2018-11-27 15:43:27'),
	(10, '서울 마포구 서강대길 3 (신수동, 서강빌딩)', 2, '경기 고양시 일산서구 강선로 140 (일산동, 후곡마을17단지)', '126.93934392704165', '37.54946996079523', '126.7692627087083', '37.67554965084932', '2018-11-30 07:00:00', 2, 3000, 2, 1, 0, 0, '마구마구 입력하기\r\nㅎㅎㅎㅎㅎㅎ', 181, '2018-11-28 16:04:33'),
	(11, '서울 송파구 백제고분로 195 (삼전동, mbc아카데미)', 2, '경기 성남시 분당구 고기로 650 (석운동)', '0', '0', '0', '0', '2018-11-30 19:50:00', 1, 4000, 1, 1, 0, 0, 'ㄴㅇㄹㄴㅇㄹㄴㅇㄹㄴㅇ\r\nㄴㅇㄻㄴㅇ리ㅓㅁ니ㅏㅇㄹ\r\nㄴㅁ아ㅣ럼ㄴ이ㅏㅓ림ㄴ어ㅣ란ㅁㅇ', 182, '2018-11-28 16:07:38'),
	(12, '서울 금천구 가마산로 70 (가산동, 제일정밀사)', 2, '서울 성북구 개운사길 4-6 (안암동5가)', '126.87431493900152', '37.48488161105234', '127.0297860331753', '37.5865559538511', '2018-12-01 01:40:00', 1, 5666, 1, 1, 0, 0, 'ㄴㅇㄹㅇㄹ', 111, '2018-11-29 14:42:51'),
	(13, '부산 금정구 수원지로 5 (회동동)', 1, '서울 강남구 강남대로 708 (압구정동, 한남대교레인보우카폐)', '129.1213263926621', '35.23044520722678', '127.01593273664581', '37.52444025620515', '2018-12-03 05:50:00', 2, 50000, 1, 1, 1, 0, '멀리갑니다.', 182, '2018-11-29 19:55:10'),
	(14, '경기 수원시 권선구 고산로 1-6 (고색동)', 2, '서울 동대문구 경동시장로 1 (제기동)', '126.98224137027941', '37.24688148290098', '127.04095456061285', '37.57913562958926', '2018-12-03 07:00:00', 2, 3000, 2, 4, 0, 0, '드라이버 80 이 운전합니다.', 181, '2018-11-30 10:14:57'),
	(15, '서울 강서구 송정로 4 (공항동, 하나님의교회)', 2, '경기 수원시 권선구 고현로 1-4 (고색동)', '126.81258921983346', '37.555571712202756', '126.98743934453803', '37.24822650701112', '2018-12-05 20:00:00', 2, 4000, 2, 2, 0, 0, '드라이버 80', 181, '2018-11-30 10:16:15'),
	(16, '경기 고양시 일산서구 고양대로 110 (법곳동, 일산자동차공업사)', 2, '서울 종로구 삼일대로17길 51 (관철동, 스타골드빌딩)', '126.72429979986302', '37.660071624570406', '126.98463278288031', '37.56909023584949', '2018-12-04 07:50:00', 1, 2500, 1, 3, 0, 0, '드라이버 81 운전 출근용', 182, '2018-11-30 10:18:17'),
	(17, '서울 종로구 삼일대로17길 51 (관철동, 스타골드빌딩)', 2, '경기 고양시 일산동구 경의로 19 (백석동, 현대밀라트)', '126.98463278288031', '37.56909023584949', '126.78922406406264', '37.638048558558246', '2018-12-04 19:45:00', 2, 3000, 2, 1, 1, 0, '운전자 81 퇴근합니다.', 182, '2018-11-30 10:20:14'),
	(18, '서울 종로구 삼일대로17길 51 (관철동, 스타골드빌딩)', 1, '인천 연수구 송도국제대로 지하 66 (송도동, 캠퍼스타운역)', '126.98463278288031', '37.56909023584949', '126.66218844194859', '37.38835640799164', '2018-12-05 08:20:00', 1, 45000, 1, 1, 0, 1, '담배피고 갑시다.', 104, '2018-11-30 10:23:01'),
	(19, '서울 동작구 관악로30길 27 (사당동, 관악푸르지오)', 1, '경기 성남시 분당구 고기로 256-18 (동원동)', '126.96182357947933', '37.485937007220265', '127.07819727344997', '37.354757897521246', '2018-12-06 07:20:00', 1, 4600, 2, 1, 1, 1, '편안한 카풀운행 부탁합니다.', 105, '2018-11-30 10:25:55'),
	(20, '경기 성남시 분당구 고기로 650 (석운동)', 1, '서울 동대문구 경동시장로2길 45 (청량리동)', '127.04401014026932', '37.36909107613018', '127.04349570612183', '37.58039250805218', '2018-12-06 21:00:00', 1, 6000, 2, 1, 1, 0, '안전한 운행을 부탁합니다.', 105, '2018-11-30 10:27:18'),
	(21, '인천 연수구 경원대로 지하 480 (선학동, 선학역)', 1, '서울 종로구 삼일대로17길 51 (관철동, 스타골드빌딩)', '126.69895861120985', '37.42712377335625', '126.98463278288031', '37.56909023584949', '2018-12-06 07:00:00', 1, 2000, 2, 1, 1, 0, 'ㅎㅎㅎㅎㅎㅎㅎㅎ', 203, '2018-11-30 15:00:37'),
	(22, '경기 성남시 분당구 대왕판교로 477 (판교동, 낙생고등학교)', 2, '서울 종로구 삼일대로 382 (관철동, 신영빌딩)', '127.10037535203709', '37.38610405541654', '126.9879833865063', '37.568708602313606', '2018-12-05 08:10:00', 3, 2000, 1, 1, 1, 0, 'ㅇㄴㅇㄴㄴㅇㅇㄹ', 182, '2018-11-30 15:14:14');
	
-- 카풀 매치	
INSERT INTO `carpool_match` (`matchno`, `mno`, `cpno`, `match_date`, `progress`, `isdriver`, `payno`, `cpnum`, `paysum`) VALUES
	(1, 181, 4, '2018-11-28 16:05:17', 1, 1, NULL, 1, 2000),
	(2, 102, 9, '2018-11-28 16:08:20', 1, 0, NULL, 1, 2000),
	(3, 102, 8, '2018-11-28 16:08:50', 1, 0, NULL, 2, 6000),
	(4, 103, 8, '2018-11-29 07:41:12', 2, 0, 'imp_673729579137', 1, 3000),
	(5, 104, 15, '2018-11-30 10:23:22', 1, 0, NULL, 1, 4000),
	(6, 104, 17, '2018-11-30 10:23:48', 0, 0, NULL, 1, 3000),
	(7, 104, 14, '2018-11-30 10:24:06', 0, 0, NULL, 1, 3000),
	(8, 105, 15, '2018-11-30 10:27:36', 1, 0, NULL, 1, 4000),
	(9, 105, 17, '2018-11-30 10:27:46', 0, 0, NULL, 1, 3000),
	(10, 105, 14, '2018-11-30 10:27:59', 0, 0, NULL, 1, 3000),
	(11, 105, 14, '2018-11-30 10:28:07', 0, 0, NULL, 1, 3000),
	(12, 105, 16, '2018-11-30 10:28:28', 0, 0, NULL, 1, 2500),
	(13, 106, 17, '2018-11-30 13:13:46', 1, 0, NULL, 1, 3000),
	(14, 182, 21, '2018-11-30 15:01:52', 1, 1, NULL, 1, 2000),
	(15, 182, 21, '2018-11-30 15:02:47', 0, 1, NULL, 1, 2000),
	(16, 203, 17, '2018-11-30 15:04:38', 1, 0, NULL, 1, 3000);
-- 결제 정보
INSERT INTO `payment` (`payno`, `apply_num`, `matchno`, `payer`, `driver`, `pay_date`, `amount`) VALUES
	('imp_185769432618', '00710226', 5, 104, 181, '1970-01-19 05:45:46', 4000),
	('imp_226936252168', '00343188', 8, 105, 181, '1970-01-19 05:45:46', 4000),
	('imp_349249626448', '00401486', 8, 105, 181, '1970-01-19 05:45:47', 4000),
	('imp_389903215191', '00812629', 3, 103, 182, '1970-01-19 05:43:21', 2000),
	('imp_420361638179', '00720717', 8, 105, 181, '1970-01-19 05:45:46', 4000),
	('imp_520185615939', '00016319', 13, 106, 182, '1970-01-19 05:45:52', 3000),
	('imp_564834564855', '00151605', 8, 105, 181, '1970-01-19 05:51:45', 4000),
	('imp_673729579137', '00966617', 3, 101, 181, '1970-01-19 05:44:36', 2000),
	('imp_855982079442', '00665014', 16, 203, 182, '1970-01-19 05:45:58', 3000),
	('imp_863397367595', '00741921', 5, 104, 181, '1970-01-19 05:45:45', 4000),
	('imp_971092169472', '00645926', 8, 105, 181, '1970-01-19 05:45:46', 4000);
	
-- 메세지 
INSERT INTO `message` (`msg_id`, `msg_type`, `receiver`, `sender`, `body`, `open_date`, `send_date`) VALUES
	(1, 0, 'driver01', 'rider01', '테스트 메세지입니다.', NULL, '2018-11-23 18:53:19'),
	(4, 0, 'driver01', 'rider01', '테스트 메세지입니다.', NULL, '2018-11-23 19:00:03'),
	(5, 2, 'driver01', 'rider01', '테스트 메세지입니다.', NULL, '2018-11-23 19:01:57'),
	(6, 0, 'driver01', 'rider01', '테스트 메세지입니다.', NULL, '2018-11-23 19:03:09'),
	(7, 0, 'driver01', 'rider01', '테스트 메세지입니다.', NULL, '2018-11-23 19:08:26'),
	(8, 0, 'driver01', 'rider01', '테스트 메세지입니다.', NULL, '2018-11-23 19:10:29'),
	(9, 0, 'driver01', 'rider01', '테스트 메세지입니다.', NULL, '2018-11-23 19:24:48'),
	(10, 0, 'driver01', 'rider01', '테스트 메세지입니다.', NULL, '2018-11-23 19:26:04'),
	(11, 0, 'driver01', 'rider01', '테스트 메세지입니다.', NULL, '2018-11-23 19:29:54'),
	(12, 0, 'driver01', 'rider01', '테스트 메세지입니다.', NULL, '2018-11-23 19:32:14'),
	(13, 0, 'driver01', 'rider01', '테스트 메세지입니다.', NULL, '2018-11-23 19:32:47'),
	(14, 0, 'driver01', 'rider01', '테스트 메세지입니다.', NULL, '2018-11-23 19:33:43');

-- 게시판 정보
INSERT INTO `tbl_board` (`bno`, `title`, `content`, `writer`, `viewcnt`, `regdate`, `grpno`, `step`, `depth`, `ropen`, `pwd`, `replycnt`, `btype`) VALUES
	(1, '첫 글 제목입니다.', '첫 글 본문입니다.', 'driver01', 0, '2018-11-16 09:49:58', 1, 0, 0, 1, NULL, NULL, 0),
	(2, '두번째 글 제목입니다.', '두 번째 글 본문입니다.', 'rider01', 0, '2018-11-16 09:49:58', 2, 0, 0, 1, NULL, NULL, 0),
	(3, '세번째 글 제목입니다.', '세 번째 글 본문입니다.', 'user01', 0, '2018-11-16 09:49:59', 3, 0, 0, 1, NULL, NULL, 0),
	(4, '네번째 글 제목입니다.', '네 번째 글 본문입니다.', 'admin01', 0, '2018-11-16 09:49:59', 4, 0, 0, 1, NULL, NULL, 0),
	(5, '첫 글 제목입니다.', '첫 글 본문입니다.', 'driver01', 0, '2018-11-16 09:50:08', 5, 0, 0, 1, NULL, NULL, 0),
	(6, '두번째 글 제목입니다.', '두 번째 글 본문입니다.', 'rider01', 0, '2018-11-16 09:50:08', 6, 0, 0, 1, NULL, NULL, 0),
	(7, '세번째 글 제목입니다.', '세 번째 글 본문입니다.', 'user01', 0, '2018-11-16 09:50:09', 7, 0, 0, 1, NULL, NULL, 0),
	(8, '네번째 글 제목입니다.', '네 번째 글 본문입니다.', 'admin01', 0, '2018-11-16 09:50:09', 8, 0, 0, 1, NULL, NULL, 0),
	(9, '첫 글 제목입니다.', '첫 글 본문입니다.', 'driver01', 0, '2018-11-16 09:50:23', 9, 0, 0, 1, NULL, NULL, 0),
	(10, '두번째 글 제목입니다.', '두 번째 글 본문입니다.', 'rider01', 0, '2018-11-16 09:50:23', 10, 0, 0, 1, NULL, NULL, 0),
	(11, '세번째 글 제목입니다.', '세 번째 글 본문입니다.', 'user01', 0, '2018-11-16 09:50:23', 11, 0, 0, 1, NULL, NULL, 0),
	(12, '네번째 글 제목입니다.', '네 번째 글 본문입니다.', 'admin01', 0, '2018-11-16 09:50:23', 12, 0, 0, 1, NULL, NULL, 0),
	(13, '첫 글 제목입니다.', '첫 글 본문입니다.', 'driver01', 0, '2018-11-16 09:50:23', 13, 0, 0, 1, NULL, NULL, 0),
	(14, '두번째 글 제목입니다.', '두 번째 글 본문입니다.', 'rider01', 0, '2018-11-16 09:50:23', 14, 0, 0, 1, NULL, NULL, 0),
	(15, '세번째 글 제목입니다.', '세 번째 글 본문입니다.', 'user01', 0, '2018-11-16 09:50:23', 15, 0, 0, 1, NULL, NULL, 0),
	(16, '네번째 글 제목입니다.', '네 번째 글 본문입니다.', 'admin01', 0, '2018-11-16 09:50:23', 16, 0, 0, 1, NULL, NULL, 0),
	(24, '첫 글 제목입니다.', '첫 글 본문입니다.', 'driver01', 0, '2018-11-16 09:50:31', 24, 0, 0, 1, NULL, NULL, 0),
	(25, '두번째 글 제목입니다.', '두 번째 글 본문입니다.', 'rider01', 0, '2018-11-16 09:50:31', 25, 0, 0, 1, NULL, NULL, 0),
	(26, '세번째 글 제목입니다.', '세 번째 글 본문입니다.', 'user01', 0, '2018-11-16 09:50:31', 26, 0, 0, 1, NULL, NULL, 0),
	(27, '네번째 글 제목입니다.', '네 번째 글 본문입니다.', 'admin01', 0, '2018-11-16 09:50:31', 27, 0, 0, 1, NULL, NULL, 0),
	(28, '첫 글 제목입니다.', '첫 글 본문입니다.', 'driver01', 0, '2018-11-16 09:50:31', 28, 0, 0, 1, NULL, NULL, 0),
	(29, '두번째 글 제목입니다.', '두 번째 글 본문입니다.', 'rider01', 0, '2018-11-16 09:50:31', 29, 0, 0, 1, NULL, NULL, 0),
	(30, '세번째 글 제목입니다.', '세 번째 글 본문입니다.', 'user01', 0, '2018-11-16 09:50:31', 30, 0, 0, 1, NULL, NULL, 0),
	(31, '네번째 글 제목입니다.', '네 번째 글 본문입니다.', 'admin01', 0, '2018-11-16 09:50:31', 31, 0, 0, 1, NULL, NULL, 0),
	(32, '첫 글 제목입니다.', '첫 글 본문입니다.', 'driver01', 0, '2018-11-16 09:50:31', 32, 0, 0, 1, NULL, NULL, 0),
	(33, '두번째 글 제목입니다.', '두 번째 글 본문입니다.', 'rider01', 0, '2018-11-16 09:50:31', 33, 0, 0, 1, NULL, NULL, 0),
	(34, '세번째 글 제목입니다.', '세 번째 글 본문입니다.', 'user01', 0, '2018-11-16 09:50:31', 34, 0, 0, 1, NULL, NULL, 0),
	(35, '네번째 글 제목입니다.', '네 번째 글 본문입니다.', 'admin01', 0, '2018-11-16 09:50:31', 35, 0, 0, 1, NULL, NULL, 0),
	(36, '첫 글 제목입니다.', '첫 글 본문입니다.', 'driver01', 0, '2018-11-16 09:50:31', 36, 0, 0, 1, NULL, NULL, 0),
	(37, '두번째 글 제목입니다.', '두 번째 글 본문입니다.', 'rider01', 0, '2018-11-16 09:50:31', 37, 0, 0, 1, NULL, NULL, 0),
	(38, '세번째 글 제목입니다.', '세 번째 글 본문입니다.', 'user01', 0, '2018-11-16 09:50:31', 38, 0, 0, 1, NULL, NULL, 0),
	(39, '네번째 글 제목입니다.', '네 번째 글 본문입니다.', 'admin01', 0, '2018-11-16 09:50:31', 39, 0, 0, 1, NULL, NULL, 0),
	(55, '첫 글 제목입니다.', '첫 글 본문입니다.', 'driver01', 0, '2018-11-16 09:50:34', 55, 0, 0, 1, NULL, NULL, 0),
	(56, '두번째 글 제목입니다.', '두 번째 글 본문입니다.', 'rider01', 0, '2018-11-16 09:50:34', 56, 0, 0, 1, NULL, NULL, 0),
	(57, '세번째 글 제목입니다.', '세 번째 글 본문입니다.', 'user01', 0, '2018-11-16 09:50:34', 57, 0, 0, 1, NULL, NULL, 0),
	(58, '네번째 글 제목입니다.', '네 번째 글 본문입니다.', 'admin01', 0, '2018-11-16 09:50:34', 58, 0, 0, 1, NULL, NULL, 0),
	(59, '첫 글 제목입니다.', '첫 글 본문입니다.', 'driver01', 0, '2018-11-16 09:50:34', 59, 0, 0, 1, NULL, NULL, 0),
	(60, '두번째 글 제목입니다.', '두 번째 글 본문입니다.', 'rider01', 0, '2018-11-16 09:50:34', 60, 0, 0, 1, NULL, NULL, 0),
	(61, '세번째 글 제목입니다.', '세 번째 글 본문입니다.', 'user01', 0, '2018-11-16 09:50:34', 61, 0, 0, 1, NULL, NULL, 0),
	(62, '네번째 글 제목입니다.', '네 번째 글 본문입니다.', 'admin01', 0, '2018-11-16 09:50:34', 62, 0, 0, 1, NULL, NULL, 0),
	(63, '첫 글 제목입니다.', '첫 글 본문입니다.', 'driver01', 0, '2018-11-16 09:50:34', 63, 0, 0, 1, NULL, NULL, 0),
	(64, '두번째 글 제목입니다.', '두 번째 글 본문입니다.', 'rider01', 0, '2018-11-16 09:50:34', 64, 0, 0, 1, NULL, NULL, 0),
	(65, '세번째 글 제목입니다.', '세 번째 글 본문입니다.', 'user01', 0, '2018-11-16 09:50:34', 65, 0, 0, 1, NULL, NULL, 0),
	(66, '네번째 글 제목입니다.', '네 번째 글 본문입니다.', 'admin01', 0, '2018-11-16 09:50:34', 66, 0, 0, 1, NULL, NULL, 0),
	(67, '첫 글 제목입니다.', '첫 글 본문입니다.', 'driver01', 0, '2018-11-16 09:50:34', 67, 0, 0, 1, NULL, NULL, 0),
	(68, '두번째 글 제목입니다.', '두 번째 글 본문입니다.', 'rider01', 0, '2018-11-16 09:50:34', 68, 0, 0, 1, NULL, NULL, 0),
	(69, '세번째 글 제목입니다.', '세 번째 글 본문입니다.', 'user01', 0, '2018-11-16 09:50:34', 69, 0, 0, 1, NULL, NULL, 0),
	(70, '네번째 글 제목입니다.', '네 번째 글 본문입니다.', 'admin01', 0, '2018-11-16 09:50:34', 70, 0, 0, 1, NULL, NULL, 0),
	(71, '첫 글 제목입니다.', '첫 글 본문입니다.', 'driver01', 0, '2018-11-16 09:50:34', 71, 0, 0, 1, NULL, NULL, 0),
	(72, '두번째 글 제목입니다.', '두 번째 글 본문입니다.', 'rider01', 0, '2018-11-16 09:50:34', 72, 0, 0, 1, NULL, NULL, 0),
	(73, '세번째 글 제목입니다.', '세 번째 글 본문입니다.', 'user01', 0, '2018-11-16 09:50:34', 73, 0, 0, 1, NULL, NULL, 0),
	(74, '네번째 글 제목입니다.', '네 번째 글 본문입니다.', 'admin01', 0, '2018-11-16 09:50:34', 74, 0, 0, 1, NULL, NULL, 0),
	(75, '첫 글 제목입니다.', '첫 글 본문입니다.', 'driver01', 0, '2018-11-16 09:50:34', 75, 0, 0, 1, NULL, NULL, 0),
	(76, '두번째 글 제목입니다.', '두 번째 글 본문입니다.', 'rider01', 0, '2018-11-16 09:50:34', 76, 0, 0, 1, NULL, NULL, 0),
	(77, '세번째 글 제목입니다.', '세 번째 글 본문입니다.', 'user01', 0, '2018-11-16 09:50:34', 77, 0, 0, 1, NULL, NULL, 0),
	(78, '네번째 글 제목입니다.', '네 번째 글 본문입니다.', 'admin01', 0, '2018-11-16 09:50:34', 78, 0, 0, 1, NULL, NULL, 0),
	(79, '첫 글 제목입니다.', '첫 글 본문입니다.', 'driver01', 0, '2018-11-16 09:50:34', 79, 0, 0, 1, NULL, NULL, 0),
	(80, '두번째 글 제목입니다.', '두 번째 글 본문입니다.', 'rider01', 0, '2018-11-16 09:50:34', 80, 0, 0, 1, NULL, NULL, 0),
	(81, '세번째 글 제목입니다.', '세 번째 글 본문입니다.', 'user01', 0, '2018-11-16 09:50:34', 81, 0, 0, 1, NULL, NULL, 0),
	(82, '네번째 글 제목입니다.', '네 번째 글 본문입니다.', 'admin01', 0, '2018-11-16 09:50:34', 82, 0, 0, 1, NULL, NULL, 0),
	(83, '첫 글 제목입니다.', '첫 글 본문입니다.', 'driver01', 0, '2018-11-16 09:50:34', 83, 0, 0, 1, NULL, NULL, 0),
	(84, '두번째 글 제목입니다.', '두 번째 글 본문입니다.', 'rider01', 0, '2018-11-16 09:50:34', 84, 0, 0, 1, NULL, NULL, 0),
	(85, '세번째 글 제목입니다.', '세 번째 글 본문입니다.', 'user01', 0, '2018-11-16 09:50:34', 85, 0, 0, 1, NULL, NULL, 0),
	(86, '네번째 글 제목입니다.', '네 번째 글 본문입니다.', 'admin01', 0, '2018-11-16 09:50:34', 86, 0, 0, 1, NULL, NULL, 0),
	(118, '첫 글 제목입니다.', '첫 글 본문입니다.', 'driver01', 0, '2018-11-16 09:50:38', 118, 0, 0, 1, NULL, NULL, 0),
	(119, '두번째 글 제목입니다.', '두 번째 글 본문입니다.', 'rider01', 0, '2018-11-16 09:50:38', 119, 0, 0, 1, NULL, NULL, 0),
	(120, '세번째 글 제목입니다.', '세 번째 글 본문입니다.', 'user01', 0, '2018-11-16 09:50:38', 120, 0, 0, 1, NULL, NULL, 0),
	(121, '네번째 글 제목입니다.', '네 번째 글 본문입니다.', 'admin01', 0, '2018-11-16 09:50:38', 121, 0, 0, 1, NULL, NULL, 0),
	(122, '첫 글 제목입니다.', '첫 글 본문입니다.', 'driver01', 0, '2018-11-16 09:50:38', 122, 0, 0, 1, NULL, NULL, 0),
	(123, '두번째 글 제목입니다.', '두 번째 글 본문입니다.', 'rider01', 0, '2018-11-16 09:50:38', 123, 0, 0, 1, NULL, NULL, 0),
	(124, '세번째 글 제목입니다.', '세 번째 글 본문입니다.', 'user01', 0, '2018-11-16 09:50:38', 124, 0, 0, 1, NULL, NULL, 0),
	(125, '네번째 글 제목입니다.', '네 번째 글 본문입니다.', 'admin01', 0, '2018-11-16 09:50:38', 125, 0, 0, 1, NULL, NULL, 0),
	(126, '첫 글 제목입니다.', '첫 글 본문입니다.', 'driver01', 0, '2018-11-16 09:50:38', 126, 0, 0, 1, NULL, NULL, 0),
	(127, '두번째 글 제목입니다.', '두 번째 글 본문입니다.', 'rider01', 0, '2018-11-16 09:50:38', 127, 0, 0, 1, NULL, NULL, 0),
	(128, '세번째 글 제목입니다.', '세 번째 글 본문입니다.', 'user01', 0, '2018-11-16 09:50:38', 128, 0, 0, 1, NULL, NULL, 0),
	(129, '네번째 글 제목입니다.', '네 번째 글 본문입니다.', 'admin01', 0, '2018-11-16 09:50:38', 129, 0, 0, 1, NULL, NULL, 0),
	(130, '첫 글 제목입니다.', '첫 글 본문입니다.', 'driver01', 0, '2018-11-16 09:50:38', 130, 0, 0, 1, NULL, NULL, 0),
	(131, '두번째 글 제목입니다.', '두 번째 글 본문입니다.', 'rider01', 0, '2018-11-16 09:50:38', 131, 0, 0, 1, NULL, NULL, 0),
	(132, '세번째 글 제목입니다.', '세 번째 글 본문입니다.', 'user01', 0, '2018-11-16 09:50:38', 132, 0, 0, 1, NULL, NULL, 0),
	(133, '네번째 글 제목입니다.', '네 번째 글 본문입니다.', 'admin01', 0, '2018-11-16 09:50:38', 133, 0, 0, 1, NULL, NULL, 0),
	(134, '첫 글 제목입니다.', '첫 글 본문입니다.', 'driver01', 0, '2018-11-16 09:50:38', 134, 0, 0, 1, NULL, NULL, 0),
	(135, '두번째 글 제목입니다.', '두 번째 글 본문입니다.', 'rider01', 0, '2018-11-16 09:50:38', 135, 0, 0, 1, NULL, NULL, 0),
	(136, '세번째 글 제목입니다.', '세 번째 글 본문입니다.', 'user01', 0, '2018-11-16 09:50:38', 136, 0, 0, 1, NULL, NULL, 0),
	(137, '네번째 글 제목입니다.', '네 번째 글 본문입니다.', 'admin01', 0, '2018-11-16 09:50:38', 137, 0, 0, 1, NULL, NULL, 0),
	(138, '첫 글 제목입니다.', '첫 글 본문입니다.', 'driver01', 0, '2018-11-16 09:50:38', 138, 0, 0, 1, NULL, NULL, 0),
	(139, '두번째 글 제목입니다.', '두 번째 글 본문입니다.', 'rider01', 0, '2018-11-16 09:50:38', 139, 0, 0, 1, NULL, NULL, 0),
	(140, '세번째 글 제목입니다.', '세 번째 글 본문입니다.', 'user01', 0, '2018-11-16 09:50:38', 140, 0, 0, 1, NULL, NULL, 0),
	(141, '네번째 글 제목입니다.', '네 번째 글 본문입니다.', 'admin01', 0, '2018-11-16 09:50:38', 141, 0, 0, 1, NULL, NULL, 0),
	(142, '첫 글 제목입니다.', '첫 글 본문입니다.', 'driver01', 0, '2018-11-16 09:50:38', 142, 0, 0, 1, NULL, NULL, 0),
	(143, '두번째 글 제목입니다.', '두 번째 글 본문입니다.', 'rider01', 0, '2018-11-16 09:50:38', 143, 0, 0, 1, NULL, NULL, 0),
	(144, '세번째 글 제목입니다.', '세 번째 글 본문입니다.', 'user01', 0, '2018-11-16 09:50:38', 144, 0, 0, 1, NULL, NULL, 0),
	(145, '네번째 글 제목입니다.', '네 번째 글 본문입니다.', 'admin01', 0, '2018-11-16 09:50:38', 145, 0, 0, 1, NULL, NULL, 0),
	(146, '첫 글 제목입니다.', '첫 글 본문입니다.', 'driver01', 0, '2018-11-16 09:50:38', 146, 0, 0, 1, NULL, NULL, 0),
	(147, '두번째 글 제목입니다.', '두 번째 글 본문입니다.', 'rider01', 0, '2018-11-16 09:50:38', 147, 0, 0, 1, NULL, NULL, 0),
	(148, '세번째 글 제목입니다.', '세 번째 글 본문입니다.', 'user01', 0, '2018-11-16 09:50:38', 148, 0, 0, 1, NULL, NULL, 0),
	(149, '네번째 글 제목입니다.', '네 번째 글 본문입니다.', 'admin01', 0, '2018-11-16 09:50:38', 149, 0, 0, 1, NULL, NULL, 0),
	(150, '첫 글 제목입니다.', '첫 글 본문입니다.', 'driver01', 0, '2018-11-16 09:50:38', 150, 0, 0, 1, NULL, NULL, 0),
	(151, '두번째 글 제목입니다.', '두 번째 글 본문입니다.', 'rider01', 0, '2018-11-16 09:50:38', 151, 0, 0, 1, NULL, NULL, 0),
	(152, '세번째 글 제목입니다.', '세 번째 글 본문입니다.', 'user01', 0, '2018-11-16 09:50:38', 152, 0, 0, 1, NULL, NULL, 0),
	(153, '네번째 글 제목입니다.', '네 번째 글 본문입니다.', 'admin01', 0, '2018-11-16 09:50:38', 153, 0, 0, 1, NULL, NULL, 0),
	(154, '첫 글 제목입니다.', '첫 글 본문입니다.', 'driver01', 0, '2018-11-16 09:50:38', 154, 0, 0, 1, NULL, NULL, 0),
	(155, '두번째 글 제목입니다.', '두 번째 글 본문입니다.', 'rider01', 0, '2018-11-16 09:50:38', 155, 0, 0, 1, NULL, NULL, 0),
	(156, '세번째 글 제목입니다.', '세 번째 글 본문입니다.', 'user01', 0, '2018-11-16 09:50:38', 156, 0, 0, 1, NULL, NULL, 0),
	(157, '네번째 글 제목입니다.', '네 번째 글 본문입니다.', 'admin01', 0, '2018-11-16 09:50:38', 157, 0, 0, 1, NULL, NULL, 0),
	(158, '첫 글 제목입니다.', '첫 글 본문입니다.', 'driver01', 0, '2018-11-16 09:50:38', 158, 0, 0, 1, NULL, NULL, 0),
	(159, '두번째 글 제목입니다.', '두 번째 글 본문입니다.', 'rider01', 0, '2018-11-16 09:50:38', 159, 0, 0, 1, NULL, NULL, 0),
	(160, '세번째 글 제목입니다.', '세 번째 글 본문입니다.', 'user01', 0, '2018-11-16 09:50:38', 160, 0, 0, 1, NULL, NULL, 0),
	(161, '네번째 글 제목입니다.', '네 번째 글 본문입니다.', 'admin01', 0, '2018-11-16 09:50:38', 161, 0, 0, 1, NULL, NULL, 0),
	(162, '첫 글 제목입니다.', '첫 글 본문입니다.', 'driver01', 0, '2018-11-16 09:50:38', 162, 0, 0, 1, NULL, NULL, 0),
	(163, '두번째 글 제목입니다.', '두 번째 글 본문입니다.', 'rider01', 0, '2018-11-16 09:50:38', 163, 0, 0, 1, NULL, NULL, 0),
	(164, '세번째 글 제목입니다.', '세 번째 글 본문입니다.', 'user01', 0, '2018-11-16 09:50:38', 164, 0, 0, 1, NULL, NULL, 0),
	(165, '네번째 글 제목입니다.', '네 번째 글 본문입니다.', 'admin01', 0, '2018-11-16 09:50:38', 165, 0, 0, 1, NULL, NULL, 0),
	(166, '첫 글 제목입니다.', '첫 글 본문입니다.', 'driver01', 0, '2018-11-16 09:50:38', 166, 0, 0, 1, NULL, NULL, 0),
	(167, '두번째 글 제목입니다.', '두 번째 글 본문입니다.', 'rider01', 0, '2018-11-16 09:50:38', 167, 0, 0, 1, NULL, NULL, 0),
	(168, '세번째 글 제목입니다.', '세 번째 글 본문입니다.', 'user01', 0, '2018-11-16 09:50:38', 168, 0, 0, 1, NULL, NULL, 0),
	(169, '네번째 글 제목입니다.', '네 번째 글 본문입니다.', 'admin01', 0, '2018-11-16 09:50:38', 169, 0, 0, 1, NULL, NULL, 0),
	(170, '첫 글 제목입니다.', '첫 글 본문입니다.', 'driver01', 0, '2018-11-16 09:50:38', 170, 0, 0, 1, NULL, NULL, 0),
	(171, '두번째 글 제목입니다.', '두 번째 글 본문입니다.', 'rider01', 0, '2018-11-16 09:50:38', 171, 0, 0, 1, NULL, NULL, 0),
	(172, '세번째 글 제목입니다.', '세 번째 글 본문입니다.', 'user01', 0, '2018-11-16 09:50:38', 172, 0, 0, 1, NULL, NULL, 0),
	(173, '네번째 글 제목입니다.', '네 번째 글 본문입니다.', 'admin01', 0, '2018-11-16 09:50:38', 173, 0, 0, 1, NULL, NULL, 0),
	(174, '첫 글 제목입니다.', '첫 글 본문입니다.', 'driver01', 0, '2018-11-16 09:50:38', 174, 0, 0, 1, NULL, NULL, 0),
	(175, '두번째 글 제목입니다.', '두 번째 글 본문입니다.', 'rider01', 0, '2018-11-16 09:50:38', 175, 0, 0, 1, NULL, NULL, 0),
	(176, '세번째 글 제목입니다.', '세 번째 글 본문입니다.', 'user01', 0, '2018-11-16 09:50:38', 176, 0, 0, 1, NULL, NULL, 0),
	(177, '네번째 글 제목입니다.', '네 번째 글 본문입니다.', 'admin01', 0, '2018-11-16 09:50:38', 177, 0, 0, 1, NULL, NULL, 0),
	(178, '첫 글 제목입니다.', '첫 글 본문입니다.', 'driver01', 0, '2018-11-16 09:50:38', 178, 0, 0, 1, NULL, NULL, 0),
	(179, '두번째 글 제목입니다.', '두 번째 글 본문입니다.', 'rider01', 0, '2018-11-16 09:50:38', 179, 0, 0, 1, NULL, NULL, 0),
	(180, '세번째 글 제목입니다.', '세 번째 글 본문입니다.', 'user01', 0, '2018-11-16 09:50:38', 180, 0, 0, 1, NULL, NULL, 0),
	(181, '네번째 글 제목입니다.', '네 번째 글 본문입니다.', 'admin01', 0, '2018-11-16 09:50:38', 181, 0, 0, 1, NULL, NULL, 0),
	(245, '첫 글 제목입니다.', '첫 글 본문입니다.', 'driver01', 0, '2018-11-16 09:50:40', 245, 0, 0, 1, NULL, NULL, 0),
	(246, '두번째 글 제목입니다.', '두 번째 글 본문입니다.', 'rider01', 0, '2018-11-16 09:50:40', 246, 0, 0, 1, NULL, NULL, 0),
	(247, '세번째 글 제목입니다.', '세 번째 글 본문입니다.', 'user01', 0, '2018-11-16 09:50:40', 247, 0, 0, 1, NULL, NULL, 0),
	(248, '네번째 글 제목입니다.', '네 번째 글 본문입니다.', 'admin01', 0, '2018-11-16 09:50:40', 248, 0, 0, 1, NULL, NULL, 0),
	(249, '첫 글 제목입니다.', '첫 글 본문입니다.', 'driver01', 0, '2018-11-16 09:50:40', 249, 0, 0, 1, NULL, NULL, 0),
	(250, '두번째 글 제목입니다.', '두 번째 글 본문입니다.', 'rider01', 0, '2018-11-16 09:50:40', 250, 0, 0, 1, NULL, NULL, 0),
	(251, '세번째 글 제목입니다.', '세 번째 글 본문입니다.', 'user01', 0, '2018-11-16 09:50:40', 251, 0, 0, 1, NULL, NULL, 0),
	(252, '네번째 글 제목입니다.', '네 번째 글 본문입니다.', 'admin01', 0, '2018-11-16 09:50:40', 252, 0, 0, 1, NULL, NULL, 0),
	(253, '첫 글 제목입니다.', '첫 글 본문입니다.', 'driver01', 0, '2018-11-16 09:50:40', 253, 0, 0, 1, NULL, NULL, 0),
	(254, '두번째 글 제목입니다.', '두 번째 글 본문입니다.', 'rider01', 0, '2018-11-16 09:50:40', 254, 0, 0, 1, NULL, NULL, 0),
	(255, '세번째 글 제목입니다.', '세 번째 글 본문입니다.', 'user01', 0, '2018-11-16 09:50:40', 255, 0, 0, 1, NULL, NULL, 0),
	(256, '네번째 글 제목입니다.', '네 번째 글 본문입니다.', 'admin01', 0, '2018-11-16 09:50:40', 256, 0, 0, 1, NULL, NULL, 0),
	(257, '첫 글 제목입니다.', '첫 글 본문입니다.', 'driver01', 0, '2018-11-16 09:50:40', 257, 0, 0, 1, NULL, NULL, 0),
	(258, '두번째 글 제목입니다.', '두 번째 글 본문입니다.', 'rider01', 0, '2018-11-16 09:50:40', 258, 0, 0, 1, NULL, NULL, 0),
	(259, '세번째 글 제목입니다.', '세 번째 글 본문입니다.', 'user01', 0, '2018-11-16 09:50:40', 259, 0, 0, 1, NULL, NULL, 0),
	(260, '네번째 글 제목입니다.', '네 번째 글 본문입니다.', 'admin01', 0, '2018-11-16 09:50:40', 260, 0, 0, 1, NULL, NULL, 0),
	(261, '첫 글 제목입니다.', '첫 글 본문입니다.', 'driver01', 0, '2018-11-16 09:50:40', 261, 0, 0, 1, NULL, NULL, 0),
	(262, '두번째 글 제목입니다.', '두 번째 글 본문입니다.', 'rider01', 0, '2018-11-16 09:50:40', 262, 0, 0, 1, NULL, NULL, 0),
	(263, '세번째 글 제목입니다.', '세 번째 글 본문입니다.', 'user01', 0, '2018-11-16 09:50:40', 263, 0, 0, 1, NULL, NULL, 0),
	(264, '네번째 글 제목입니다.', '네 번째 글 본문입니다.', 'admin01', 0, '2018-11-16 09:50:40', 264, 0, 0, 1, NULL, NULL, 0),
	(265, '첫 글 제목입니다.', '첫 글 본문입니다.', 'driver01', 0, '2018-11-16 09:50:40', 265, 0, 0, 1, NULL, NULL, 0),
	(266, '두번째 글 제목입니다.', '두 번째 글 본문입니다.', 'rider01', 0, '2018-11-16 09:50:40', 266, 0, 0, 1, NULL, NULL, 0),
	(267, '세번째 글 제목입니다.', '세 번째 글 본문입니다.', 'user01', 0, '2018-11-16 09:50:40', 267, 0, 0, 1, NULL, NULL, 0),
	(268, '네번째 글 제목입니다.', '네 번째 글 본문입니다.', 'admin01', 0, '2018-11-16 09:50:40', 268, 0, 0, 1, NULL, NULL, 0),
	(269, '첫 글 제목입니다.', '첫 글 본문입니다.', 'driver01', 0, '2018-11-16 09:50:40', 269, 0, 0, 1, NULL, NULL, 0),
	(270, '두번째 글 제목입니다.', '두 번째 글 본문입니다.', 'rider01', 0, '2018-11-16 09:50:40', 270, 0, 0, 1, NULL, NULL, 0),
	(271, '세번째 글 제목입니다.', '세 번째 글 본문입니다.', 'user01', 0, '2018-11-16 09:50:40', 271, 0, 0, 1, NULL, NULL, 0),
	(272, '네번째 글 제목입니다.', '네 번째 글 본문입니다.', 'admin01', 0, '2018-11-16 09:50:40', 272, 0, 0, 1, NULL, NULL, 0),
	(273, '첫 글 제목입니다.', '첫 글 본문입니다.', 'driver01', 0, '2018-11-16 09:50:40', 273, 0, 0, 1, NULL, NULL, 0),
	(274, '두번째 글 제목입니다.', '두 번째 글 본문입니다.', 'rider01', 0, '2018-11-16 09:50:40', 274, 0, 0, 1, NULL, NULL, 0),
	(275, '세번째 글 제목입니다.', '세 번째 글 본문입니다.', 'user01', 0, '2018-11-16 09:50:40', 275, 0, 0, 1, NULL, NULL, 0),
	(276, '네번째 글 제목입니다.', '네 번째 글 본문입니다.', 'admin01', 0, '2018-11-16 09:50:40', 276, 0, 0, 1, NULL, NULL, 0),
	(277, '첫 글 제목입니다.', '첫 글 본문입니다.', 'driver01', 0, '2018-11-16 09:50:40', 277, 0, 0, 1, NULL, NULL, 0),
	(278, '두번째 글 제목입니다.', '두 번째 글 본문입니다.', 'rider01', 0, '2018-11-16 09:50:40', 278, 0, 0, 1, NULL, NULL, 0),
	(279, '세번째 글 제목입니다.', '세 번째 글 본문입니다.', 'user01', 0, '2018-11-16 09:50:40', 279, 0, 0, 1, NULL, NULL, 0),
	(280, '네번째 글 제목입니다.', '네 번째 글 본문입니다.', 'admin01', 0, '2018-11-16 09:50:40', 280, 0, 0, 1, NULL, NULL, 0),
	(281, '첫 글 제목입니다.', '첫 글 본문입니다.', 'driver01', 0, '2018-11-16 09:50:40', 281, 0, 0, 1, NULL, NULL, 0),
	(282, '두번째 글 제목입니다.', '두 번째 글 본문입니다.', 'rider01', 0, '2018-11-16 09:50:40', 282, 0, 0, 1, NULL, NULL, 0),
	(283, '세번째 글 제목입니다.', '세 번째 글 본문입니다.', 'user01', 0, '2018-11-16 09:50:40', 283, 0, 0, 1, NULL, NULL, 0),
	(284, '네번째 글 제목입니다.', '네 번째 글 본문입니다.', 'admin01', 0, '2018-11-16 09:50:40', 284, 0, 0, 1, NULL, NULL, 0),
	(285, '첫 글 제목입니다.', '첫 글 본문입니다.', 'driver01', 0, '2018-11-16 09:50:40', 285, 0, 0, 1, NULL, NULL, 0),
	(286, '두번째 글 제목입니다.', '두 번째 글 본문입니다.', 'rider01', 0, '2018-11-16 09:50:40', 286, 0, 0, 1, NULL, NULL, 0),
	(287, '세번째 글 제목입니다.', '세 번째 글 본문입니다.', 'user01', 0, '2018-11-16 09:50:40', 287, 0, 0, 1, NULL, NULL, 0),
	(288, '네번째 글 제목입니다.', '네 번째 글 본문입니다.', 'admin01', 0, '2018-11-16 09:50:40', 288, 0, 0, 1, NULL, NULL, 0),
	(289, '첫 글 제목입니다.', '첫 글 본문입니다.', 'driver01', 0, '2018-11-16 09:50:40', 289, 0, 0, 1, NULL, NULL, 0),
	(290, '두번째 글 제목입니다.', '두 번째 글 본문입니다.', 'rider01', 0, '2018-11-16 09:50:40', 290, 0, 0, 1, NULL, NULL, 0),
	(291, '세번째 글 제목입니다.', '세 번째 글 본문입니다.', 'user01', 0, '2018-11-16 09:50:40', 291, 0, 0, 1, NULL, NULL, 0),
	(292, '네번째 글 제목입니다.', '네 번째 글 본문입니다.', 'admin01', 0, '2018-11-16 09:50:40', 292, 0, 0, 1, NULL, NULL, 0),
	(293, '첫 글 제목입니다.', '첫 글 본문입니다.', 'driver01', 0, '2018-11-16 09:50:40', 293, 0, 0, 1, NULL, NULL, 0),
	(294, '두번째 글 제목입니다.', '두 번째 글 본문입니다.', 'rider01', 0, '2018-11-16 09:50:40', 294, 0, 0, 1, NULL, NULL, 0),
	(295, '세번째 글 제목입니다.', '세 번째 글 본문입니다.', 'user01', 0, '2018-11-16 09:50:40', 295, 0, 0, 1, NULL, NULL, 0),
	(296, '네번째 글 제목입니다.', '네 번째 글 본문입니다.', 'admin01', 0, '2018-11-16 09:50:40', 296, 0, 0, 1, NULL, NULL, 0),
	(297, '첫 글 제목입니다.', '첫 글 본문입니다.', 'driver01', 0, '2018-11-16 09:50:40', 297, 0, 0, 1, NULL, NULL, 0),
	(298, '두번째 글 제목입니다.', '두 번째 글 본문입니다.', 'rider01', 0, '2018-11-16 09:50:40', 298, 0, 0, 1, NULL, NULL, 0),
	(299, '세번째 글 제목입니다.', '세 번째 글 본문입니다.', 'user01', 0, '2018-11-16 09:50:40', 299, 0, 0, 1, NULL, NULL, 0),
	(300, '네번째 글 제목입니다.', '네 번째 글 본문입니다.', 'admin01', 0, '2018-11-16 09:50:40', 300, 0, 0, 1, NULL, NULL, 0),
	(301, '첫 글 제목입니다.', '첫 글 본문입니다.', 'driver01', 0, '2018-11-16 09:50:40', 301, 0, 0, 1, NULL, NULL, 0),
	(302, '두번째 글 제목입니다.', '두 번째 글 본문입니다.', 'rider01', 0, '2018-11-16 09:50:40', 302, 0, 0, 1, NULL, NULL, 0),
	(303, '세번째 글 제목입니다.', '세 번째 글 본문입니다.', 'user01', 0, '2018-11-16 09:50:40', 303, 0, 0, 1, NULL, NULL, 0),
	(304, '네번째 글 제목입니다.', '네 번째 글 본문입니다.', 'admin01', 0, '2018-11-16 09:50:40', 304, 0, 0, 1, NULL, NULL, 0),
	(305, '첫 글 제목입니다.', '첫 글 본문입니다.', 'driver01', 0, '2018-11-16 09:50:40', 305, 0, 0, 1, NULL, NULL, 0),
	(306, '두번째 글 제목입니다.', '두 번째 글 본문입니다.', 'rider01', 0, '2018-11-16 09:50:40', 306, 0, 0, 1, NULL, NULL, 0),
	(307, '세번째 글 제목입니다.', '세 번째 글 본문입니다.', 'user01', 0, '2018-11-16 09:50:40', 307, 0, 0, 1, NULL, NULL, 0),
	(308, '네번째 글 제목입니다.', '네 번째 글 본문입니다.', 'admin01', 0, '2018-11-16 09:50:40', 308, 0, 0, 1, NULL, NULL, 0),
	(309, '첫 글 제목입니다.', '첫 글 본문입니다.', 'driver01', 0, '2018-11-16 09:50:40', 309, 0, 0, 1, NULL, NULL, 0),
	(310, '두번째 글 제목입니다.', '두 번째 글 본문입니다.', 'rider01', 0, '2018-11-16 09:50:40', 310, 0, 0, 1, NULL, NULL, 0),
	(311, '세번째 글 제목입니다.', '세 번째 글 본문입니다.', 'user01', 0, '2018-11-16 09:50:40', 311, 0, 0, 1, NULL, NULL, 0),
	(312, '네번째 글 제목입니다.', '네 번째 글 본문입니다.', 'admin01', 0, '2018-11-16 09:50:40', 312, 0, 0, 1, NULL, NULL, 0),
	(313, '첫 글 제목입니다.', '첫 글 본문입니다.', 'driver01', 0, '2018-11-16 09:50:40', 313, 0, 0, 1, NULL, NULL, 0),
	(314, '두번째 글 제목입니다.', '두 번째 글 본문입니다.', 'rider01', 0, '2018-11-16 09:50:40', 314, 0, 0, 1, NULL, NULL, 0),
	(315, '세번째 글 제목입니다.', '세 번째 글 본문입니다.', 'user01', 0, '2018-11-16 09:50:40', 315, 0, 0, 1, NULL, NULL, 0),
	(316, '네번째 글 제목입니다.', '네 번째 글 본문입니다.', 'admin01', 0, '2018-11-16 09:50:40', 316, 0, 0, 1, NULL, NULL, 0),
	(317, '첫 글 제목입니다.', '첫 글 본문입니다.', 'driver01', 0, '2018-11-16 09:50:40', 317, 0, 0, 1, NULL, NULL, 0),
	(318, '두번째 글 제목입니다.', '두 번째 글 본문입니다.', 'rider01', 0, '2018-11-16 09:50:40', 318, 0, 0, 1, NULL, NULL, 0),
	(319, '세번째 글 제목입니다.', '세 번째 글 본문입니다.', 'user01', 0, '2018-11-16 09:50:40', 319, 0, 0, 1, NULL, NULL, 0),
	(320, '네번째 글 제목입니다.', '네 번째 글 본문입니다.', 'admin01', 0, '2018-11-16 09:50:40', 320, 0, 0, 1, NULL, NULL, 0),
	(321, '첫 글 제목입니다.', '첫 글 본문입니다.', 'driver01', 0, '2018-11-16 09:50:40', 321, 0, 0, 1, NULL, NULL, 0),
	(322, '두번째 글 제목입니다.', '두 번째 글 본문입니다.', 'rider01', 0, '2018-11-16 09:50:40', 322, 0, 0, 1, NULL, NULL, 0),
	(323, '세번째 글 제목입니다.', '세 번째 글 본문입니다.', 'user01', 0, '2018-11-16 09:50:40', 323, 0, 0, 1, NULL, NULL, 0),
	(324, '네번째 글 제목입니다.', '네 번째 글 본문입니다.', 'admin01', 0, '2018-11-16 09:50:40', 324, 0, 0, 1, NULL, NULL, 0),
	(325, '첫 글 제목입니다.', '첫 글 본문입니다.', 'driver01', 0, '2018-11-16 09:50:40', 325, 0, 0, 1, NULL, NULL, 0),
	(326, '두번째 글 제목입니다.', '두 번째 글 본문입니다.', 'rider01', 0, '2018-11-16 09:50:40', 326, 0, 0, 1, NULL, NULL, 0),
	(327, '세번째 글 제목입니다.', '세 번째 글 본문입니다.', 'user01', 0, '2018-11-16 09:50:40', 327, 0, 0, 1, NULL, NULL, 0),
	(328, '네번째 글 제목입니다.', '네 번째 글 본문입니다.', 'admin01', 0, '2018-11-16 09:50:40', 328, 0, 0, 1, NULL, NULL, 0),
	(329, '첫 글 제목입니다.', '첫 글 본문입니다.', 'driver01', 0, '2018-11-16 09:50:40', 329, 0, 0, 1, NULL, NULL, 0),
	(330, '두번째 글 제목입니다.', '두 번째 글 본문입니다.', 'rider01', 0, '2018-11-16 09:50:40', 330, 0, 0, 1, NULL, NULL, 0),
	(331, '세번째 글 제목입니다.', '세 번째 글 본문입니다.', 'user01', 0, '2018-11-16 09:50:40', 331, 0, 0, 1, NULL, NULL, 0),
	(332, '네번째 글 제목입니다.', '네 번째 글 본문입니다.', 'admin01', 0, '2018-11-16 09:50:40', 332, 0, 0, 1, NULL, NULL, 0),
	(333, '첫 글 제목입니다.', '첫 글 본문입니다.', 'driver01', 0, '2018-11-16 09:50:40', 333, 0, 0, 1, NULL, NULL, 0),
	(334, '두번째 글 제목입니다.', '두 번째 글 본문입니다.', 'rider01', 0, '2018-11-16 09:50:40', 334, 0, 0, 1, NULL, NULL, 0),
	(335, '세번째 글 제목입니다.', '세 번째 글 본문입니다.', 'user01', 0, '2018-11-16 09:50:40', 335, 0, 0, 1, NULL, NULL, 0),
	(336, '네번째 글 제목입니다.', '네 번째 글 본문입니다.', 'admin01', 0, '2018-11-16 09:50:40', 336, 0, 0, 1, NULL, NULL, 0),
	(337, '첫 글 제목입니다.', '첫 글 본문입니다.', 'driver01', 0, '2018-11-16 09:50:40', 337, 0, 0, 1, NULL, NULL, 0),
	(338, '두번째 글 제목입니다.', '두 번째 글 본문입니다.', 'rider01', 0, '2018-11-16 09:50:40', 338, 0, 0, 1, NULL, NULL, 0),
	(339, '세번째 글 제목입니다.', '세 번째 글 본문입니다.', 'user01', 0, '2018-11-16 09:50:40', 339, 0, 0, 1, NULL, NULL, 0),
	(340, '네번째 글 제목입니다.', '네 번째 글 본문입니다.', 'admin01', 0, '2018-11-16 09:50:40', 340, 0, 0, 1, NULL, NULL, 0),
	(341, '첫 글 제목입니다.', '첫 글 본문입니다.', 'driver01', 0, '2018-11-16 09:50:40', 341, 0, 0, 1, NULL, NULL, 0),
	(342, '두번째 글 제목입니다.', '두 번째 글 본문입니다.', 'rider01', 0, '2018-11-16 09:50:40', 342, 0, 0, 1, NULL, NULL, 0),
	(343, '세번째 글 제목입니다.', '세 번째 글 본문입니다.', 'user01', 0, '2018-11-16 09:50:40', 343, 0, 0, 1, NULL, NULL, 0),
	(344, '네번째 글 제목입니다.', '네 번째 글 본문입니다.', 'admin01', 0, '2018-11-16 09:50:40', 344, 0, 0, 1, NULL, NULL, 0),
	(345, '첫 글 제목입니다.', '첫 글 본문입니다.', 'driver01', 0, '2018-11-16 09:50:40', 345, 0, 0, 1, NULL, NULL, 0),
	(346, '두번째 글 제목입니다.', '두 번째 글 본문입니다.', 'rider01', 0, '2018-11-16 09:50:40', 346, 0, 0, 1, NULL, NULL, 0),
	(347, '세번째 글 제목입니다.', '세 번째 글 본문입니다.', 'user01', 0, '2018-11-16 09:50:40', 347, 0, 0, 1, NULL, NULL, 0),
	(348, '네번째 글 제목입니다.', '네 번째 글 본문입니다.', 'admin01', 0, '2018-11-16 09:50:40', 348, 0, 0, 1, NULL, NULL, 0),
	(349, '첫 글 제목입니다.', '첫 글 본문입니다.', 'driver01', 0, '2018-11-16 09:50:40', 349, 0, 0, 1, NULL, NULL, 0),
	(350, '두번째 글 제목입니다.', '두 번째 글 본문입니다.', 'rider01', 0, '2018-11-16 09:50:40', 350, 0, 0, 1, NULL, NULL, 0),
	(351, '세번째 글 제목입니다.', '세 번째 글 본문입니다.', 'user01', 0, '2018-11-16 09:50:40', 351, 0, 0, 1, NULL, NULL, 0),
	(352, '네번째 글 제목입니다.', '네 번째 글 본문입니다.', 'admin01', 0, '2018-11-16 09:50:40', 352, 0, 0, 1, NULL, NULL, 0),
	(353, '첫 글 제목입니다.', '첫 글 본문입니다.', 'driver01', 0, '2018-11-16 09:50:40', 353, 0, 0, 1, NULL, NULL, 0),
	(354, '두번째 글 제목입니다.', '두 번째 글 본문입니다.', 'rider01', 0, '2018-11-16 09:50:40', 354, 0, 0, 1, NULL, NULL, 0),
	(355, '세번째 글 제목입니다.', '세 번째 글 본문입니다.', 'user01', 0, '2018-11-16 09:50:40', 355, 0, 0, 1, NULL, NULL, 0),
	(356, '네번째 글 제목입니다.', '네 번째 글 본문입니다.', 'admin01', 0, '2018-11-16 09:50:40', 356, 0, 0, 1, NULL, NULL, 0),
	(357, '첫 글 제목입니다.', '첫 글 본문입니다.', 'driver01', 0, '2018-11-16 09:50:40', 357, 0, 0, 1, NULL, NULL, 0),
	(358, '두번째 글 제목입니다.', '두 번째 글 본문입니다.', 'rider01', 0, '2018-11-16 09:50:40', 358, 0, 0, 1, NULL, NULL, 0),
	(359, '세번째 글 제목입니다.', '세 번째 글 본문입니다.', 'user01', 0, '2018-11-16 09:50:40', 359, 0, 0, 1, NULL, NULL, 0),
	(360, '네번째 글 제목입니다.', '네 번째 글 본문입니다.', 'admin01', 0, '2018-11-16 09:50:40', 360, 0, 0, 1, NULL, NULL, 0),
	(361, '첫 글 제목입니다.', '첫 글 본문입니다.', 'driver01', 0, '2018-11-16 09:50:40', 361, 0, 0, 1, NULL, NULL, 0),
	(362, '두번째 글 제목입니다.', '두 번째 글 본문입니다.', 'rider01', 0, '2018-11-16 09:50:40', 362, 0, 0, 1, NULL, NULL, 0),
	(363, '세번째 글 제목입니다.', '세 번째 글 본문입니다.', 'user01', 0, '2018-11-16 09:50:40', 363, 0, 0, 1, NULL, NULL, 0),
	(364, '네번째 글 제목입니다.', '네 번째 글 본문입니다.', 'admin01', 0, '2018-11-16 09:50:40', 364, 0, 0, 1, NULL, NULL, 0),
	(365, '첫 글 제목입니다.', '첫 글 본문입니다.', 'driver01', 0, '2018-11-16 09:50:40', 365, 0, 0, 1, NULL, NULL, 0),
	(366, '두번째 글 제목입니다.', '두 번째 글 본문입니다.', 'rider01', 0, '2018-11-16 09:50:40', 366, 0, 0, 1, NULL, NULL, 0),
	(367, '세번째 글 제목입니다.', '세 번째 글 본문입니다.', 'user01', 0, '2018-11-16 09:50:40', 367, 0, 0, 1, NULL, NULL, 0),
	(368, '네번째 글 제목입니다.', '네 번째 글 본문입니다.', 'admin01', 0, '2018-11-16 09:50:40', 368, 0, 0, 1, NULL, NULL, 0),
	(369, '첫 글 제목입니다.', '첫 글 본문입니다.', 'driver01', 0, '2018-11-16 09:50:40', 369, 0, 0, 1, NULL, NULL, 0),
	(370, '두번째 글 제목입니다.', '두 번째 글 본문입니다.', 'rider01', 0, '2018-11-16 09:50:40', 370, 0, 0, 1, NULL, NULL, 0),
	(371, '세번째 글 제목입니다.', '세 번째 글 본문입니다.', 'user01', 0, '2018-11-16 09:50:40', 371, 0, 0, 1, NULL, NULL, 0),
	(372, '네번째 글 제목입니다.', '네 번째 글 본문입니다.', 'admin01', 0, '2018-11-16 09:50:40', 372, 0, 0, 1, NULL, NULL, 0),
	(500, '첫 글 제목입니다.', '첫 글 본문입니다.', 'driver01', 0, '2018-11-16 09:50:42', 500, 0, 0, 1, NULL, NULL, 0),
	(501, '두번째 글 제목입니다.', '두 번째 글 본문입니다.', 'rider01', 0, '2018-11-16 09:50:42', 501, 0, 0, 1, NULL, NULL, 0),
	(502, '세번째 글 제목입니다.', '세 번째 글 본문입니다.', 'user01', 0, '2018-11-16 09:50:42', 502, 0, 0, 1, NULL, NULL, 0),
	(503, '네번째 글 제목입니다.', '네 번째 글 본문입니다.', 'admin01', 0, '2018-11-16 09:50:42', 503, 0, 0, 1, NULL, NULL, 0),
	(504, '첫 글 제목입니다.', '첫 글 본문입니다.', 'driver01', 0, '2018-11-16 09:50:42', 504, 0, 0, 1, NULL, NULL, 0),
	(505, '두번째 글 제목입니다.', '두 번째 글 본문입니다.', 'rider01', 0, '2018-11-16 09:50:42', 505, 0, 0, 1, NULL, NULL, 0),
	(506, '세번째 글 제목입니다.', '세 번째 글 본문입니다.', 'user01', 0, '2018-11-16 09:50:42', 506, 0, 0, 1, NULL, NULL, 0),
	(507, '네번째 글 제목입니다.', '네 번째 글 본문입니다.', 'admin01', 0, '2018-11-16 09:50:42', 507, 0, 0, 1, NULL, NULL, 0),
	(508, '첫 글 제목입니다.', '첫 글 본문입니다.', 'driver01', 0, '2018-11-16 09:50:42', 508, 0, 0, 1, NULL, NULL, 0),
	(509, '두번째 글 제목입니다.', '두 번째 글 본문입니다.', 'rider01', 0, '2018-11-16 09:50:42', 509, 0, 0, 1, NULL, NULL, 0),
	(510, '세번째 글 제목입니다.', '세 번째 글 본문입니다.', 'user01', 0, '2018-11-16 09:50:42', 510, 0, 0, 1, NULL, NULL, 0),
	(511, '네번째 글 제목입니다.', '네 번째 글 본문입니다.', 'admin01', 0, '2018-11-16 09:50:42', 511, 0, 0, 1, NULL, NULL, 0),
	(512, '첫 글 제목입니다.', '첫 글 본문입니다.', 'driver01', 0, '2018-11-16 09:50:42', 512, 0, 0, 1, NULL, NULL, 0),
	(513, '두번째 글 제목입니다.', '두 번째 글 본문입니다.', 'rider01', 0, '2018-11-16 09:50:42', 513, 0, 0, 1, NULL, NULL, 0),
	(514, '세번째 글 제목입니다.', '세 번째 글 본문입니다.', 'user01', 0, '2018-11-16 09:50:42', 514, 0, 0, 1, NULL, NULL, 0),
	(515, '네번째 글 제목입니다.', '네 번째 글 본문입니다.', 'admin01', 0, '2018-11-16 09:50:42', 515, 0, 0, 1, NULL, NULL, 0),
	(516, '첫 글 제목입니다.', '첫 글 본문입니다.', 'driver01', 0, '2018-11-16 09:50:42', 516, 0, 0, 1, NULL, NULL, 0),
	(517, '두번째 글 제목입니다.', '두 번째 글 본문입니다.', 'rider01', 0, '2018-11-16 09:50:42', 517, 0, 0, 1, NULL, NULL, 0),
	(518, '세번째 글 제목입니다.', '세 번째 글 본문입니다.', 'user01', 0, '2018-11-16 09:50:42', 518, 0, 0, 1, NULL, NULL, 0),
	(519, '네번째 글 제목입니다.', '네 번째 글 본문입니다.', 'admin01', 0, '2018-11-16 09:50:42', 519, 0, 0, 1, NULL, NULL, 0),
	(520, '첫 글 제목입니다.', '첫 글 본문입니다.', 'driver01', 0, '2018-11-16 09:50:42', 520, 0, 0, 1, NULL, NULL, 0),
	(521, '두번째 글 제목입니다.', '두 번째 글 본문입니다.', 'rider01', 0, '2018-11-16 09:50:42', 521, 0, 0, 1, NULL, NULL, 0),
	(522, '세번째 글 제목입니다.', '세 번째 글 본문입니다.', 'user01', 0, '2018-11-16 09:50:42', 522, 0, 0, 1, NULL, NULL, 0),
	(523, '네번째 글 제목입니다.', '네 번째 글 본문입니다.', 'admin01', 0, '2018-11-16 09:50:42', 523, 0, 0, 1, NULL, NULL, 0),
	(524, '첫 글 제목입니다.', '첫 글 본문입니다.', 'driver01', 0, '2018-11-16 09:50:42', 524, 0, 0, 1, NULL, NULL, 0),
	(525, '두번째 글 제목입니다.', '두 번째 글 본문입니다.', 'rider01', 0, '2018-11-16 09:50:42', 525, 0, 0, 1, NULL, NULL, 0),
	(526, '세번째 글 제목입니다.', '세 번째 글 본문입니다.', 'user01', 0, '2018-11-16 09:50:42', 526, 0, 0, 1, NULL, NULL, 0),
	(527, '네번째 글 제목입니다.', '네 번째 글 본문입니다.', 'admin01', 0, '2018-11-16 09:50:42', 527, 0, 0, 1, NULL, NULL, 0),
	(528, '첫 글 제목입니다.', '첫 글 본문입니다.', 'driver01', 0, '2018-11-16 09:50:42', 528, 0, 0, 1, NULL, NULL, 0),
	(529, '두번째 글 제목입니다.', '두 번째 글 본문입니다.', 'rider01', 0, '2018-11-16 09:50:42', 529, 0, 0, 1, NULL, NULL, 0),
	(530, '세번째 글 제목입니다.', '세 번째 글 본문입니다.', 'user01', 0, '2018-11-16 09:50:42', 530, 0, 0, 1, NULL, NULL, 0),
	(531, '네번째 글 제목입니다.', '네 번째 글 본문입니다.', 'admin01', 0, '2018-11-16 09:50:42', 531, 0, 0, 1, NULL, NULL, 0),
	(532, '첫 글 제목입니다.', '첫 글 본문입니다.', 'driver01', 0, '2018-11-16 09:50:42', 532, 0, 0, 1, NULL, NULL, 0),
	(533, '두번째 글 제목입니다.', '두 번째 글 본문입니다.', 'rider01', 0, '2018-11-16 09:50:42', 533, 0, 0, 1, NULL, NULL, 0),
	(534, '세번째 글 제목입니다.', '세 번째 글 본문입니다.', 'user01', 0, '2018-11-16 09:50:42', 534, 0, 0, 1, NULL, NULL, 0),
	(535, '네번째 글 제목입니다.', '네 번째 글 본문입니다.', 'admin01', 0, '2018-11-16 09:50:42', 535, 0, 0, 1, NULL, NULL, 0),
	(536, '첫 글 제목입니다.', '첫 글 본문입니다.', 'driver01', 0, '2018-11-16 09:50:42', 536, 0, 0, 1, NULL, NULL, 0),
	(537, '두번째 글 제목입니다.', '두 번째 글 본문입니다.', 'rider01', 0, '2018-11-16 09:50:42', 537, 0, 0, 1, NULL, NULL, 0),
	(538, '세번째 글 제목입니다.', '세 번째 글 본문입니다.', 'user01', 0, '2018-11-16 09:50:42', 538, 0, 0, 1, NULL, NULL, 0),
	(539, '네번째 글 제목입니다.', '네 번째 글 본문입니다.', 'admin01', 0, '2018-11-16 09:50:42', 539, 0, 0, 1, NULL, NULL, 0),
	(540, '첫 글 제목입니다.', '첫 글 본문입니다.', 'driver01', 0, '2018-11-16 09:50:42', 540, 0, 0, 1, NULL, NULL, 0),
	(541, '두번째 글 제목입니다.', '두 번째 글 본문입니다.', 'rider01', 0, '2018-11-16 09:50:42', 541, 0, 0, 1, NULL, NULL, 0),
	(542, '세번째 글 제목입니다.', '세 번째 글 본문입니다.', 'user01', 0, '2018-11-16 09:50:42', 542, 0, 0, 1, NULL, NULL, 0),
	(543, '네번째 글 제목입니다.', '네 번째 글 본문입니다.', 'admin01', 0, '2018-11-16 09:50:42', 543, 0, 0, 1, NULL, NULL, 0),
	(544, '첫 글 제목입니다.', '첫 글 본문입니다.', 'driver01', 0, '2018-11-16 09:50:42', 544, 0, 0, 1, NULL, NULL, 0),
	(545, '두번째 글 제목입니다.', '두 번째 글 본문입니다.', 'rider01', 0, '2018-11-16 09:50:42', 545, 0, 0, 1, NULL, NULL, 0),
	(546, '세번째 글 제목입니다.', '세 번째 글 본문입니다.', 'user01', 0, '2018-11-16 09:50:42', 546, 0, 0, 1, NULL, NULL, 0),
	(547, '네번째 글 제목입니다.', '네 번째 글 본문입니다.', 'admin01', 0, '2018-11-16 09:50:42', 547, 0, 0, 1, NULL, NULL, 0),
	(548, '첫 글 제목입니다.', '첫 글 본문입니다.', 'driver01', 0, '2018-11-16 09:50:42', 548, 0, 0, 1, NULL, NULL, 0),
	(549, '두번째 글 제목입니다.', '두 번째 글 본문입니다.', 'rider01', 0, '2018-11-16 09:50:42', 549, 0, 0, 1, NULL, NULL, 0),
	(550, '세번째 글 제목입니다.', '세 번째 글 본문입니다.', 'user01', 0, '2018-11-16 09:50:42', 550, 0, 0, 1, NULL, NULL, 0),
	(551, '네번째 글 제목입니다.', '네 번째 글 본문입니다.', 'admin01', 0, '2018-11-16 09:50:42', 551, 0, 0, 1, NULL, NULL, 0),
	(552, '첫 글 제목입니다.', '첫 글 본문입니다.', 'driver01', 0, '2018-11-16 09:50:42', 552, 0, 0, 1, NULL, NULL, 0),
	(553, '두번째 글 제목입니다.', '두 번째 글 본문입니다.', 'rider01', 0, '2018-11-16 09:50:42', 553, 0, 0, 1, NULL, NULL, 0),
	(554, '세번째 글 제목입니다.', '세 번째 글 본문입니다.', 'user01', 0, '2018-11-16 09:50:42', 554, 0, 0, 1, NULL, NULL, 0),
	(555, '네번째 글 제목입니다.', '네 번째 글 본문입니다.', 'admin01', 0, '2018-11-16 09:50:42', 555, 0, 0, 1, NULL, NULL, 0),
	(556, '첫 글 제목입니다.', '첫 글 본문입니다.', 'driver01', 0, '2018-11-16 09:50:42', 556, 0, 0, 1, NULL, NULL, 0),
	(557, '두번째 글 제목입니다.', '두 번째 글 본문입니다.', 'rider01', 0, '2018-11-16 09:50:42', 557, 0, 0, 1, NULL, NULL, 0),
	(558, '세번째 글 제목입니다.', '세 번째 글 본문입니다.', 'user01', 0, '2018-11-16 09:50:42', 558, 0, 0, 1, NULL, NULL, 0),
	(559, '네번째 글 제목입니다.', '네 번째 글 본문입니다.', 'admin01', 0, '2018-11-16 09:50:42', 559, 0, 0, 1, NULL, NULL, 0),
	(560, '첫 글 제목입니다.', '첫 글 본문입니다.', 'driver01', 0, '2018-11-16 09:50:42', 560, 0, 0, 1, NULL, NULL, 0),
	(561, '두번째 글 제목입니다.', '두 번째 글 본문입니다.', 'rider01', 0, '2018-11-16 09:50:42', 561, 0, 0, 1, NULL, NULL, 0),
	(562, '세번째 글 제목입니다.', '세 번째 글 본문입니다.', 'user01', 0, '2018-11-16 09:50:42', 562, 0, 0, 1, NULL, NULL, 0),
	(563, '네번째 글 제목입니다.', '네 번째 글 본문입니다.', 'admin01', 0, '2018-11-16 09:50:42', 563, 0, 0, 1, NULL, NULL, 0),
	(564, '첫 글 제목입니다.', '첫 글 본문입니다.', 'driver01', 0, '2018-11-16 09:50:42', 564, 0, 0, 1, NULL, NULL, 0),
	(565, '두번째 글 제목입니다.', '두 번째 글 본문입니다.', 'rider01', 0, '2018-11-16 09:50:42', 565, 0, 0, 1, NULL, NULL, 0),
	(566, '세번째 글 제목입니다.', '세 번째 글 본문입니다.', 'user01', 0, '2018-11-16 09:50:42', 566, 0, 0, 1, NULL, NULL, 0),
	(567, '네번째 글 제목입니다.', '네 번째 글 본문입니다.', 'admin01', 0, '2018-11-16 09:50:42', 567, 0, 0, 1, NULL, NULL, 0),
	(568, '첫 글 제목입니다.', '첫 글 본문입니다.', 'driver01', 0, '2018-11-16 09:50:42', 568, 0, 0, 1, NULL, NULL, 0),
	(569, '두번째 글 제목입니다.', '두 번째 글 본문입니다.', 'rider01', 0, '2018-11-16 09:50:42', 569, 0, 0, 1, NULL, NULL, 0),
	(570, '세번째 글 제목입니다.', '세 번째 글 본문입니다.', 'user01', 0, '2018-11-16 09:50:42', 570, 0, 0, 1, NULL, NULL, 0),
	(571, '네번째 글 제목입니다.', '네 번째 글 본문입니다.', 'admin01', 0, '2018-11-16 09:50:42', 571, 0, 0, 1, NULL, NULL, 0),
	(572, '첫 글 제목입니다.', '첫 글 본문입니다.', 'driver01', 0, '2018-11-16 09:50:42', 572, 0, 0, 1, NULL, NULL, 0),
	(573, '두번째 글 제목입니다.', '두 번째 글 본문입니다.', 'rider01', 0, '2018-11-16 09:50:42', 573, 0, 0, 1, NULL, NULL, 0),
	(574, '세번째 글 제목입니다.', '세 번째 글 본문입니다.', 'user01', 0, '2018-11-16 09:50:42', 574, 0, 0, 1, NULL, NULL, 0),
	(575, '네번째 글 제목입니다.', '네 번째 글 본문입니다.', 'admin01', 0, '2018-11-16 09:50:42', 575, 0, 0, 1, NULL, NULL, 0),
	(576, '첫 글 제목입니다.', '첫 글 본문입니다.', 'driver01', 0, '2018-11-16 09:50:42', 576, 0, 0, 1, NULL, NULL, 0),
	(577, '두번째 글 제목입니다.', '두 번째 글 본문입니다.', 'rider01', 0, '2018-11-16 09:50:42', 577, 0, 0, 1, NULL, NULL, 0),
	(578, '세번째 글 제목입니다.', '세 번째 글 본문입니다.', 'user01', 0, '2018-11-16 09:50:42', 578, 0, 0, 1, NULL, NULL, 0),
	(579, '네번째 글 제목입니다.', '네 번째 글 본문입니다.', 'admin01', 0, '2018-11-16 09:50:42', 579, 0, 0, 1, NULL, NULL, 0),
	(580, '첫 글 제목입니다.', '첫 글 본문입니다.', 'driver01', 0, '2018-11-16 09:50:42', 580, 0, 0, 1, NULL, NULL, 0),
	(581, '두번째 글 제목입니다.', '두 번째 글 본문입니다.', 'rider01', 0, '2018-11-16 09:50:42', 581, 0, 0, 1, NULL, NULL, 0),
	(582, '세번째 글 제목입니다.', '세 번째 글 본문입니다.', 'user01', 0, '2018-11-16 09:50:42', 582, 0, 0, 1, NULL, NULL, 0),
	(583, '네번째 글 제목입니다.', '네 번째 글 본문입니다.', 'admin01', 0, '2018-11-16 09:50:42', 583, 0, 0, 1, NULL, NULL, 0),
	(584, '첫 글 제목입니다.', '첫 글 본문입니다.', 'driver01', 0, '2018-11-16 09:50:42', 584, 0, 0, 1, NULL, NULL, 0),
	(585, '두번째 글 제목입니다.', '두 번째 글 본문입니다.', 'rider01', 0, '2018-11-16 09:50:42', 585, 0, 0, 1, NULL, NULL, 0),
	(586, '세번째 글 제목입니다.', '세 번째 글 본문입니다.', 'user01', 0, '2018-11-16 09:50:42', 586, 0, 0, 1, NULL, NULL, 0),
	(587, '네번째 글 제목입니다.', '네 번째 글 본문입니다.', 'admin01', 0, '2018-11-16 09:50:42', 587, 0, 0, 1, NULL, NULL, 0),
	(588, '첫 글 제목입니다.', '첫 글 본문입니다.', 'driver01', 0, '2018-11-16 09:50:42', 588, 0, 0, 1, NULL, NULL, 0),
	(589, '두번째 글 제목입니다.', '두 번째 글 본문입니다.', 'rider01', 0, '2018-11-16 09:50:42', 589, 0, 0, 1, NULL, NULL, 0),
	(590, '세번째 글 제목입니다.', '세 번째 글 본문입니다.', 'user01', 0, '2018-11-16 09:50:42', 590, 0, 0, 1, NULL, NULL, 0),
	(591, '네번째 글 제목입니다.', '네 번째 글 본문입니다.', 'admin01', 0, '2018-11-16 09:50:42', 591, 0, 0, 1, NULL, NULL, 0),
	(592, '첫 글 제목입니다.', '첫 글 본문입니다.', 'driver01', 0, '2018-11-16 09:50:42', 592, 0, 0, 1, NULL, NULL, 0),
	(593, '두번째 글 제목입니다.', '두 번째 글 본문입니다.', 'rider01', 0, '2018-11-16 09:50:42', 593, 0, 0, 1, NULL, NULL, 0),
	(594, '세번째 글 제목입니다.', '세 번째 글 본문입니다.', 'user01', 0, '2018-11-16 09:50:42', 594, 0, 0, 1, NULL, NULL, 0),
	(595, '네번째 글 제목입니다.', '네 번째 글 본문입니다.', 'admin01', 0, '2018-11-16 09:50:42', 595, 0, 0, 1, NULL, NULL, 0),
	(596, '첫 글 제목입니다.', '첫 글 본문입니다.', 'driver01', 0, '2018-11-16 09:50:42', 596, 0, 0, 1, NULL, NULL, 0),
	(597, '두번째 글 제목입니다.', '두 번째 글 본문입니다.', 'rider01', 0, '2018-11-16 09:50:42', 597, 0, 0, 1, NULL, NULL, 0),
	(598, '세번째 글 제목입니다.', '세 번째 글 본문입니다.', 'user01', 0, '2018-11-16 09:50:42', 598, 0, 0, 1, NULL, NULL, 0),
	(599, '네번째 글 제목입니다.', '네 번째 글 본문입니다.', 'admin01', 0, '2018-11-16 09:50:42', 599, 0, 0, 1, NULL, NULL, 0),
	(600, '첫 글 제목입니다.', '첫 글 본문입니다.', 'driver01', 0, '2018-11-16 09:50:42', 600, 0, 0, 1, NULL, NULL, 0),
	(601, '두번째 글 제목입니다.', '두 번째 글 본문입니다.', 'rider01', 0, '2018-11-16 09:50:42', 601, 0, 0, 1, NULL, NULL, 0),
	(602, '세번째 글 제목입니다.', '세 번째 글 본문입니다.', 'user01', 0, '2018-11-16 09:50:42', 602, 0, 0, 1, NULL, NULL, 0),
	(603, '네번째 글 제목입니다.', '네 번째 글 본문입니다.', 'admin01', 0, '2018-11-16 09:50:42', 603, 0, 0, 1, NULL, NULL, 0),
	(604, '첫 글 제목입니다.', '첫 글 본문입니다.', 'driver01', 0, '2018-11-16 09:50:42', 604, 0, 0, 1, NULL, NULL, 0),
	(605, '두번째 글 제목입니다.', '두 번째 글 본문입니다.', 'rider01', 0, '2018-11-16 09:50:42', 605, 0, 0, 1, NULL, NULL, 0),
	(606, '세번째 글 제목입니다.', '세 번째 글 본문입니다.', 'user01', 0, '2018-11-16 09:50:42', 606, 0, 0, 1, NULL, NULL, 0),
	(607, '네번째 글 제목입니다.', '네 번째 글 본문입니다.', 'admin01', 0, '2018-11-16 09:50:42', 607, 0, 0, 1, NULL, NULL, 0),
	(608, '첫 글 제목입니다.', '첫 글 본문입니다.', 'driver01', 0, '2018-11-16 09:50:42', 608, 0, 0, 1, NULL, NULL, 0),
	(609, '두번째 글 제목입니다.', '두 번째 글 본문입니다.', 'rider01', 0, '2018-11-16 09:50:42', 609, 0, 0, 1, NULL, NULL, 0),
	(610, '세번째 글 제목입니다.', '세 번째 글 본문입니다.', 'user01', 0, '2018-11-16 09:50:42', 610, 0, 0, 1, NULL, NULL, 0),
	(611, '네번째 글 제목입니다.', '네 번째 글 본문입니다.', 'admin01', 0, '2018-11-16 09:50:42', 611, 0, 0, 1, NULL, NULL, 0),
	(612, '첫 글 제목입니다.', '첫 글 본문입니다.', 'driver01', 0, '2018-11-16 09:50:42', 612, 0, 0, 1, NULL, NULL, 0),
	(613, '두번째 글 제목입니다.', '두 번째 글 본문입니다.', 'rider01', 0, '2018-11-16 09:50:42', 613, 0, 0, 1, NULL, NULL, 0),
	(614, '세번째 글 제목입니다.', '세 번째 글 본문입니다.', 'user01', 0, '2018-11-16 09:50:42', 614, 0, 0, 1, NULL, NULL, 0),
	(615, '네번째 글 제목입니다.', '네 번째 글 본문입니다.', 'admin01', 0, '2018-11-16 09:50:42', 615, 0, 0, 1, NULL, NULL, 0),
	(616, '첫 글 제목입니다.', '첫 글 본문입니다.', 'driver01', 0, '2018-11-16 09:50:42', 616, 0, 0, 1, NULL, NULL, 0),
	(617, '두번째 글 제목입니다.', '두 번째 글 본문입니다.', 'rider01', 0, '2018-11-16 09:50:42', 617, 0, 0, 1, NULL, NULL, 0),
	(618, '세번째 글 제목입니다.', '세 번째 글 본문입니다.', 'user01', 0, '2018-11-16 09:50:42', 618, 0, 0, 1, NULL, NULL, 0),
	(619, '네번째 글 제목입니다.', '네 번째 글 본문입니다.', 'admin01', 0, '2018-11-16 09:50:42', 619, 0, 0, 1, NULL, NULL, 0),
	(620, '첫 글 제목입니다.', '첫 글 본문입니다.', 'driver01', 0, '2018-11-16 09:50:42', 620, 0, 0, 1, NULL, NULL, 0),
	(621, '두번째 글 제목입니다.', '두 번째 글 본문입니다.', 'rider01', 0, '2018-11-16 09:50:42', 621, 0, 0, 1, NULL, NULL, 0),
	(622, '세번째 글 제목입니다.', '세 번째 글 본문입니다.', 'user01', 0, '2018-11-16 09:50:42', 622, 0, 0, 1, NULL, NULL, 0),
	(623, '네번째 글 제목입니다.', '네 번째 글 본문입니다.', 'admin01', 0, '2018-11-16 09:50:42', 623, 0, 0, 1, NULL, NULL, 0),
	(624, '첫 글 제목입니다.', '첫 글 본문입니다.', 'driver01', 0, '2018-11-16 09:50:42', 624, 0, 0, 1, NULL, NULL, 0),
	(625, '두번째 글 제목입니다.', '두 번째 글 본문입니다.', 'rider01', 0, '2018-11-16 09:50:42', 625, 0, 0, 1, NULL, NULL, 0),
	(626, '세번째 글 제목입니다.', '세 번째 글 본문입니다.', 'user01', 0, '2018-11-16 09:50:42', 626, 0, 0, 1, NULL, NULL, 0),
	(627, '네번째 글 제목입니다.', '네 번째 글 본문입니다.', 'admin01', 0, '2018-11-16 09:50:42', 627, 0, 0, 1, NULL, NULL, 0),
	(628, '첫 글 제목입니다.', '첫 글 본문입니다.', 'driver01', 0, '2018-11-16 09:50:42', 628, 0, 0, 1, NULL, NULL, 0),
	(629, '두번째 글 제목입니다.', '두 번째 글 본문입니다.', 'rider01', 0, '2018-11-16 09:50:42', 629, 0, 0, 1, NULL, NULL, 0),
	(630, '세번째 글 제목입니다.', '세 번째 글 본문입니다.', 'user01', 0, '2018-11-16 09:50:42', 630, 0, 0, 1, NULL, NULL, 0),
	(631, '네번째 글 제목입니다.', '네 번째 글 본문입니다.', 'admin01', 0, '2018-11-16 09:50:42', 631, 0, 0, 1, NULL, NULL, 0),
	(632, '첫 글 제목입니다.', '첫 글 본문입니다.', 'driver01', 0, '2018-11-16 09:50:42', 632, 0, 0, 1, NULL, NULL, 0),
	(633, '두번째 글 제목입니다.', '두 번째 글 본문입니다.', 'rider01', 0, '2018-11-16 09:50:42', 633, 0, 0, 1, NULL, NULL, 0),
	(634, '세번째 글 제목입니다.', '세 번째 글 본문입니다.', 'user01', 0, '2018-11-16 09:50:42', 634, 0, 0, 1, NULL, NULL, 0),
	(635, '네번째 글 제목입니다.', '네 번째 글 본문입니다.', 'admin01', 0, '2018-11-16 09:50:42', 635, 0, 0, 1, NULL, NULL, 0),
	(636, '첫 글 제목입니다.', '첫 글 본문입니다.', 'driver01', 0, '2018-11-16 09:50:42', 636, 0, 0, 1, NULL, NULL, 0),
	(637, '두번째 글 제목입니다.', '두 번째 글 본문입니다.', 'rider01', 0, '2018-11-16 09:50:42', 637, 0, 0, 1, NULL, NULL, 0),
	(638, '세번째 글 제목입니다.', '세 번째 글 본문입니다.', 'user01', 0, '2018-11-16 09:50:42', 638, 0, 0, 1, NULL, NULL, 0),
	(639, '네번째 글 제목입니다.', '네 번째 글 본문입니다.', 'admin01', 0, '2018-11-16 09:50:42', 639, 0, 0, 1, NULL, NULL, 0),
	(640, '첫 글 제목입니다.', '첫 글 본문입니다.', 'driver01', 0, '2018-11-16 09:50:42', 640, 0, 0, 1, NULL, NULL, 0),
	(641, '두번째 글 제목입니다.', '두 번째 글 본문입니다.', 'rider01', 0, '2018-11-16 09:50:42', 641, 0, 0, 1, NULL, NULL, 0),
	(642, '세번째 글 제목입니다.', '세 번째 글 본문입니다.', 'user01', 0, '2018-11-16 09:50:42', 642, 0, 0, 1, NULL, NULL, 0),
	(643, '네번째 글 제목입니다.', '네 번째 글 본문입니다.', 'admin01', 0, '2018-11-16 09:50:42', 643, 0, 0, 1, NULL, NULL, 0),
	(644, '첫 글 제목입니다.', '첫 글 본문입니다.', 'driver01', 0, '2018-11-16 09:50:42', 644, 0, 0, 1, NULL, NULL, 0),
	(645, '두번째 글 제목입니다.', '두 번째 글 본문입니다.', 'rider01', 0, '2018-11-16 09:50:42', 645, 0, 0, 1, NULL, NULL, 0),
	(646, '세번째 글 제목입니다.', '세 번째 글 본문입니다.', 'user01', 0, '2018-11-16 09:50:42', 646, 0, 0, 1, NULL, NULL, 0),
	(647, '네번째 글 제목입니다.', '네 번째 글 본문입니다.', 'admin01', 0, '2018-11-16 09:50:42', 647, 0, 0, 1, NULL, NULL, 0),
	(648, '첫 글 제목입니다.', '첫 글 본문입니다.', 'driver01', 0, '2018-11-16 09:50:42', 648, 0, 0, 1, NULL, NULL, 0),
	(649, '두번째 글 제목입니다.', '두 번째 글 본문입니다.', 'rider01', 0, '2018-11-16 09:50:42', 649, 0, 0, 1, NULL, NULL, 0),
	(650, '세번째 글 제목입니다.', '세 번째 글 본문입니다.', 'user01', 0, '2018-11-16 09:50:42', 650, 0, 0, 1, NULL, NULL, 0),
	(651, '네번째 글 제목입니다.', '네 번째 글 본문입니다.', 'admin01', 0, '2018-11-16 09:50:42', 651, 0, 0, 1, NULL, NULL, 0),
	(652, '첫 글 제목입니다.', '첫 글 본문입니다.', 'driver01', 0, '2018-11-16 09:50:42', 652, 0, 0, 1, NULL, NULL, 0),
	(653, '두번째 글 제목입니다.', '두 번째 글 본문입니다.', 'rider01', 0, '2018-11-16 09:50:42', 653, 0, 0, 1, NULL, NULL, 0),
	(654, '세번째 글 제목입니다.', '세 번째 글 본문입니다.', 'user01', 0, '2018-11-16 09:50:42', 654, 0, 0, 1, NULL, NULL, 0),
	(655, '네번째 글 제목입니다.', '네 번째 글 본문입니다.', 'admin01', 0, '2018-11-16 09:50:42', 655, 0, 0, 1, NULL, NULL, 0),
	(656, '첫 글 제목입니다.', '첫 글 본문입니다.', 'driver01', 0, '2018-11-16 09:50:42', 656, 0, 0, 1, NULL, NULL, 0),
	(657, '두번째 글 제목입니다.', '두 번째 글 본문입니다.', 'rider01', 0, '2018-11-16 09:50:42', 657, 0, 0, 1, NULL, NULL, 0),
	(658, '세번째 글 제목입니다.', '세 번째 글 본문입니다.', 'user01', 0, '2018-11-16 09:50:42', 658, 0, 0, 1, NULL, NULL, 0),
	(659, '네번째 글 제목입니다.', '네 번째 글 본문입니다.', 'admin01', 0, '2018-11-16 09:50:42', 659, 0, 0, 1, NULL, NULL, 0),
	(660, '첫 글 제목입니다.', '첫 글 본문입니다.', 'driver01', 0, '2018-11-16 09:50:42', 660, 0, 0, 1, NULL, NULL, 0),
	(661, '두번째 글 제목입니다.', '두 번째 글 본문입니다.', 'rider01', 0, '2018-11-16 09:50:42', 661, 0, 0, 1, NULL, NULL, 0),
	(662, '세번째 글 제목입니다.', '세 번째 글 본문입니다.', 'user01', 0, '2018-11-16 09:50:42', 662, 0, 0, 1, NULL, NULL, 0),
	(663, '네번째 글 제목입니다.', '네 번째 글 본문입니다.', 'admin01', 0, '2018-11-16 09:50:42', 663, 0, 0, 1, NULL, NULL, 0),
	(664, '첫 글 제목입니다.', '첫 글 본문입니다.', 'driver01', 0, '2018-11-16 09:50:42', 664, 0, 0, 1, NULL, NULL, 0),
	(665, '두번째 글 제목입니다.', '두 번째 글 본문입니다.', 'rider01', 0, '2018-11-16 09:50:42', 665, 0, 0, 1, NULL, NULL, 0),
	(666, '세번째 글 제목입니다.', '세 번째 글 본문입니다.', 'user01', 0, '2018-11-16 09:50:42', 666, 0, 0, 1, NULL, NULL, 0),
	(667, '네번째 글 제목입니다.', '네 번째 글 본문입니다.', 'admin01', 0, '2018-11-16 09:50:42', 667, 0, 0, 1, NULL, NULL, 0),
	(668, '첫 글 제목입니다.', '첫 글 본문입니다.', 'driver01', 0, '2018-11-16 09:50:42', 668, 0, 0, 1, NULL, NULL, 0),
	(669, '두번째 글 제목입니다.', '두 번째 글 본문입니다.', 'rider01', 0, '2018-11-16 09:50:42', 669, 0, 0, 1, NULL, NULL, 0),
	(670, '세번째 글 제목입니다.', '세 번째 글 본문입니다.', 'user01', 0, '2018-11-16 09:50:42', 670, 0, 0, 1, NULL, NULL, 0),
	(671, '네번째 글 제목입니다.', '네 번째 글 본문입니다.', 'admin01', 0, '2018-11-16 09:50:42', 671, 0, 0, 1, NULL, NULL, 0),
	(672, '첫 글 제목입니다.', '첫 글 본문입니다.', 'driver01', 0, '2018-11-16 09:50:42', 672, 0, 0, 1, NULL, NULL, 0),
	(673, '두번째 글 제목입니다.', '두 번째 글 본문입니다.', 'rider01', 0, '2018-11-16 09:50:42', 673, 0, 0, 1, NULL, NULL, 0),
	(674, '세번째 글 제목입니다.', '세 번째 글 본문입니다.', 'user01', 0, '2018-11-16 09:50:42', 674, 0, 0, 1, NULL, NULL, 0),
	(675, '네번째 글 제목입니다.', '네 번째 글 본문입니다.', 'admin01', 0, '2018-11-16 09:50:42', 675, 0, 0, 1, NULL, NULL, 0),
	(676, '첫 글 제목입니다.', '첫 글 본문입니다.', 'driver01', 0, '2018-11-16 09:50:42', 676, 0, 0, 1, NULL, NULL, 0),
	(677, '두번째 글 제목입니다.', '두 번째 글 본문입니다.', 'rider01', 0, '2018-11-16 09:50:42', 677, 0, 0, 1, NULL, NULL, 0),
	(678, '세번째 글 제목입니다.', '세 번째 글 본문입니다.', 'user01', 0, '2018-11-16 09:50:42', 678, 0, 0, 1, NULL, NULL, 0),
	(679, '네번째 글 제목입니다.', '네 번째 글 본문입니다.', 'admin01', 0, '2018-11-16 09:50:42', 679, 0, 0, 1, NULL, NULL, 0),
	(680, '첫 글 제목입니다.', '첫 글 본문입니다.', 'driver01', 0, '2018-11-16 09:50:42', 680, 0, 0, 1, NULL, NULL, 0),
	(681, '두번째 글 제목입니다.', '두 번째 글 본문입니다.', 'rider01', 0, '2018-11-16 09:50:42', 681, 0, 0, 1, NULL, NULL, 0),
	(682, '세번째 글 제목입니다.', '세 번째 글 본문입니다.', 'user01', 0, '2018-11-16 09:50:42', 682, 0, 0, 1, NULL, NULL, 0),
	(683, '네번째 글 제목입니다.', '네 번째 글 본문입니다.', 'admin01', 0, '2018-11-16 09:50:42', 683, 0, 0, 1, NULL, NULL, 0),
	(684, '첫 글 제목입니다.', '첫 글 본문입니다.', 'driver01', 0, '2018-11-16 09:50:42', 684, 0, 0, 1, NULL, NULL, 0),
	(685, '두번째 글 제목입니다.', '두 번째 글 본문입니다.', 'rider01', 0, '2018-11-16 09:50:42', 685, 0, 0, 1, NULL, NULL, 0),
	(686, '세번째 글 제목입니다.', '세 번째 글 본문입니다.', 'user01', 0, '2018-11-16 09:50:42', 686, 0, 0, 1, NULL, NULL, 0),
	(687, '네번째 글 제목입니다.', '네 번째 글 본문입니다.', 'admin01', 0, '2018-11-16 09:50:42', 687, 0, 0, 1, NULL, NULL, 0),
	(688, '첫 글 제목입니다.', '첫 글 본문입니다.', 'driver01', 0, '2018-11-16 09:50:42', 688, 0, 0, 1, NULL, NULL, 0),
	(689, '두번째 글 제목입니다.', '두 번째 글 본문입니다.', 'rider01', 0, '2018-11-16 09:50:42', 689, 0, 0, 1, NULL, NULL, 0),
	(690, '세번째 글 제목입니다.', '세 번째 글 본문입니다.', 'user01', 0, '2018-11-16 09:50:42', 690, 0, 0, 1, NULL, NULL, 0),
	(691, '네번째 글 제목입니다.', '네 번째 글 본문입니다.', 'admin01', 0, '2018-11-16 09:50:42', 691, 0, 0, 1, NULL, NULL, 0),
	(692, '첫 글 제목입니다.', '첫 글 본문입니다.', 'driver01', 0, '2018-11-16 09:50:42', 692, 0, 0, 1, NULL, NULL, 0),
	(693, '두번째 글 제목입니다.', '두 번째 글 본문입니다.', 'rider01', 0, '2018-11-16 09:50:42', 693, 0, 0, 1, NULL, NULL, 0),
	(694, '세번째 글 제목입니다.', '세 번째 글 본문입니다.', 'user01', 0, '2018-11-16 09:50:42', 694, 0, 0, 1, NULL, NULL, 0),
	(695, '네번째 글 제목입니다.', '네 번째 글 본문입니다.', 'admin01', 0, '2018-11-16 09:50:42', 695, 0, 0, 1, NULL, NULL, 0),
	(696, '첫 글 제목입니다.', '첫 글 본문입니다.', 'driver01', 0, '2018-11-16 09:50:42', 696, 0, 0, 1, NULL, NULL, 0),
	(697, '두번째 글 제목입니다.', '두 번째 글 본문입니다.', 'rider01', 0, '2018-11-16 09:50:42', 697, 0, 0, 1, NULL, NULL, 0),
	(698, '세번째 글 제목입니다.', '세 번째 글 본문입니다.', 'user01', 0, '2018-11-16 09:50:42', 698, 0, 0, 1, NULL, NULL, 0),
	(699, '네번째 글 제목입니다.', '네 번째 글 본문입니다.', 'admin01', 0, '2018-11-16 09:50:42', 699, 0, 0, 1, NULL, NULL, 0),
	(700, '첫 글 제목입니다.', '첫 글 본문입니다.', 'driver01', 0, '2018-11-16 09:50:42', 700, 0, 0, 1, NULL, NULL, 0),
	(701, '두번째 글 제목입니다.', '두 번째 글 본문입니다.', 'rider01', 0, '2018-11-16 09:50:42', 701, 0, 0, 1, NULL, NULL, 0),
	(702, '세번째 글 제목입니다.', '세 번째 글 본문입니다.', 'user01', 0, '2018-11-16 09:50:42', 702, 0, 0, 1, NULL, NULL, 0),
	(703, '네번째 글 제목입니다.', '네 번째 글 본문입니다.', 'admin01', 0, '2018-11-16 09:50:42', 703, 0, 0, 1, NULL, NULL, 0),
	(704, '첫 글 제목입니다.', '첫 글 본문입니다.', 'driver01', 0, '2018-11-16 09:50:42', 704, 0, 0, 1, NULL, NULL, 0),
	(705, '두번째 글 제목입니다.', '두 번째 글 본문입니다.', 'rider01', 0, '2018-11-16 09:50:42', 705, 0, 0, 1, NULL, NULL, 0),
	(706, '세번째 글 제목입니다.', '세 번째 글 본문입니다.', 'user01', 0, '2018-11-16 09:50:42', 706, 0, 0, 1, NULL, NULL, 0),
	(707, '네번째 글 제목입니다.', '네 번째 글 본문입니다.', 'admin01', 0, '2018-11-16 09:50:42', 707, 0, 0, 1, NULL, NULL, 0),
	(708, '첫 글 제목입니다.', '첫 글 본문입니다.', 'driver01', 0, '2018-11-16 09:50:42', 708, 0, 0, 1, NULL, NULL, 0),
	(709, '두번째 글 제목입니다.', '두 번째 글 본문입니다.', 'rider01', 0, '2018-11-16 09:50:42', 709, 0, 0, 1, NULL, NULL, 0),
	(710, '세번째 글 제목입니다.', '세 번째 글 본문입니다.', 'user01', 0, '2018-11-16 09:50:42', 710, 0, 0, 1, NULL, NULL, 0),
	(711, '네번째 글 제목입니다.', '네 번째 글 본문입니다.', 'admin01', 0, '2018-11-16 09:50:42', 711, 0, 0, 1, NULL, NULL, 0),
	(712, '첫 글 제목입니다.', '첫 글 본문입니다.', 'driver01', 0, '2018-11-16 09:50:42', 712, 0, 0, 1, NULL, NULL, 0),
	(713, '두번째 글 제목입니다.', '두 번째 글 본문입니다.', 'rider01', 0, '2018-11-16 09:50:42', 713, 0, 0, 1, NULL, NULL, 0),
	(714, '세번째 글 제목입니다.', '세 번째 글 본문입니다.', 'user01', 0, '2018-11-16 09:50:42', 714, 0, 0, 1, NULL, NULL, 0),
	(715, '네번째 글 제목입니다.', '네 번째 글 본문입니다.', 'admin01', 0, '2018-11-16 09:50:42', 715, 0, 0, 1, NULL, NULL, 0),
	(716, '첫 글 제목입니다.', '첫 글 본문입니다.', 'driver01', 0, '2018-11-16 09:50:42', 716, 0, 0, 1, NULL, NULL, 0),
	(717, '두번째 글 제목입니다.', '두 번째 글 본문입니다.', 'rider01', 0, '2018-11-16 09:50:42', 717, 0, 0, 1, NULL, NULL, 0),
	(718, '세번째 글 제목입니다.', '세 번째 글 본문입니다.', 'user01', 0, '2018-11-16 09:50:42', 718, 0, 0, 1, NULL, NULL, 0),
	(719, '네번째 글 제목입니다.', '네 번째 글 본문입니다.', 'admin01', 0, '2018-11-16 09:50:42', 719, 0, 0, 1, NULL, NULL, 0),
	(720, '첫 글 제목입니다.', '첫 글 본문입니다.', 'driver01', 0, '2018-11-16 09:50:42', 720, 0, 0, 1, NULL, NULL, 0),
	(721, '두번째 글 제목입니다.', '두 번째 글 본문입니다.', 'rider01', 0, '2018-11-16 09:50:42', 721, 0, 0, 1, NULL, NULL, 0),
	(722, '세번째 글 제목입니다.', '세 번째 글 본문입니다.', 'user01', 0, '2018-11-16 09:50:42', 722, 0, 0, 1, NULL, NULL, 0),
	(723, '네번째 글 제목입니다.', '네 번째 글 본문입니다.', 'admin01', 0, '2018-11-16 09:50:42', 723, 0, 0, 1, NULL, NULL, 0),
	(724, '첫 글 제목입니다.', '첫 글 본문입니다.', 'driver01', 0, '2018-11-16 09:50:42', 724, 0, 0, 1, NULL, NULL, 0),
	(725, '두번째 글 제목입니다.', '두 번째 글 본문입니다.', 'rider01', 0, '2018-11-16 09:50:42', 725, 0, 0, 1, NULL, NULL, 0),
	(726, '세번째 글 제목입니다.', '세 번째 글 본문입니다.', 'user01', 0, '2018-11-16 09:50:42', 726, 0, 0, 1, NULL, NULL, 0),
	(727, '네번째 글 제목입니다.', '네 번째 글 본문입니다.', 'admin01', 0, '2018-11-16 09:50:42', 727, 0, 0, 1, NULL, NULL, 0),
	(728, '첫 글 제목입니다.', '첫 글 본문입니다.', 'driver01', 0, '2018-11-16 09:50:42', 728, 0, 0, 1, NULL, NULL, 0),
	(729, '두번째 글 제목입니다.', '두 번째 글 본문입니다.', 'rider01', 0, '2018-11-16 09:50:42', 729, 0, 0, 1, NULL, NULL, 0),
	(730, '세번째 글 제목입니다.', '세 번째 글 본문입니다.', 'user01', 0, '2018-11-16 09:50:42', 730, 0, 0, 1, NULL, NULL, 0),
	(731, '네번째 글 제목입니다.', '네 번째 글 본문입니다.', 'admin01', 0, '2018-11-16 09:50:42', 731, 0, 0, 1, NULL, NULL, 0),
	(732, '첫 글 제목입니다.', '첫 글 본문입니다.', 'driver01', 0, '2018-11-16 09:50:42', 732, 0, 0, 1, NULL, NULL, 0),
	(733, '두번째 글 제목입니다.', '두 번째 글 본문입니다.', 'rider01', 0, '2018-11-16 09:50:42', 733, 0, 0, 1, NULL, NULL, 0),
	(734, '세번째 글 제목입니다.', '세 번째 글 본문입니다.', 'user01', 0, '2018-11-16 09:50:42', 734, 0, 0, 1, NULL, NULL, 0),
	(735, '네번째 글 제목입니다.', '네 번째 글 본문입니다.', 'admin01', 0, '2018-11-16 09:50:42', 735, 0, 0, 1, NULL, NULL, 0),
	(736, '첫 글 제목입니다.', '첫 글 본문입니다.', 'driver01', 0, '2018-11-16 09:50:42', 736, 0, 0, 1, NULL, NULL, 0),
	(737, '두번째 글 제목입니다.', '두 번째 글 본문입니다.', 'rider01', 0, '2018-11-16 09:50:42', 737, 0, 0, 1, NULL, NULL, 0),
	(738, '세번째 글 제목입니다.', '세 번째 글 본문입니다.', 'user01', 0, '2018-11-16 09:50:42', 738, 0, 0, 1, NULL, NULL, 0),
	(739, '네번째 글 제목입니다.', '네 번째 글 본문입니다.', 'admin01', 0, '2018-11-16 09:50:42', 739, 0, 0, 1, NULL, NULL, 0),
	(740, '첫 글 제목입니다.', '첫 글 본문입니다.', 'driver01', 0, '2018-11-16 09:50:42', 740, 0, 0, 1, NULL, NULL, 0),
	(741, '두번째 글 제목입니다.', '두 번째 글 본문입니다.', 'rider01', 0, '2018-11-16 09:50:42', 741, 0, 0, 1, NULL, NULL, 0),
	(742, '세번째 글 제목입니다.', '세 번째 글 본문입니다.', 'user01', 0, '2018-11-16 09:50:42', 742, 0, 0, 1, NULL, NULL, 0),
	(743, '네번째 글 제목입니다.', '네 번째 글 본문입니다.', 'admin01', 0, '2018-11-16 09:50:42', 743, 0, 0, 1, NULL, NULL, 0),
	(744, '첫 글 제목입니다.', '첫 글 본문입니다.', 'driver01', 0, '2018-11-16 09:50:42', 744, 0, 0, 1, NULL, NULL, 0),
	(745, '두번째 글 제목입니다.', '두 번째 글 본문입니다.', 'rider01', 0, '2018-11-16 09:50:42', 745, 0, 0, 1, NULL, NULL, 0),
	(746, '세번째 글 제목입니다.', '세 번째 글 본문입니다.', 'user01', 0, '2018-11-16 09:50:42', 746, 0, 0, 1, NULL, NULL, 0),
	(747, '네번째 글 제목입니다.', '네 번째 글 본문입니다.', 'admin01', 0, '2018-11-16 09:50:42', 747, 0, 0, 1, NULL, NULL, 0),
	(748, '첫 글 제목입니다.', '첫 글 본문입니다.', 'driver01', 0, '2018-11-16 09:50:42', 748, 0, 0, 1, NULL, NULL, 0),
	(749, '두번째 글 제목입니다.', '두 번째 글 본문입니다.', 'rider01', 0, '2018-11-16 09:50:42', 749, 0, 0, 1, NULL, NULL, 0),
	(750, '세번째 글 제목입니다.', '세 번째 글 본문입니다.', 'user01', 0, '2018-11-16 09:50:42', 750, 0, 0, 1, NULL, NULL, 0),
	(751, '네번째 글 제목입니다.', '네 번째 글 본문입니다.', 'admin01', 0, '2018-11-16 09:50:42', 751, 0, 0, 1, NULL, NULL, 0),
	(752, '첫 글 제목입니다.', '첫 글 본문입니다.', 'driver01', 0, '2018-11-16 09:50:42', 752, 0, 0, 1, NULL, NULL, 0),
	(753, '두번째 글 제목입니다.', '두 번째 글 본문입니다.', 'rider01', 0, '2018-11-16 09:50:42', 753, 0, 0, 1, NULL, NULL, 0),
	(754, '세번째 글 제목입니다.', '세 번째 글 본문입니다.', 'user01', 0, '2018-11-16 09:50:42', 754, 0, 0, 1, NULL, NULL, 0),
	(755, '네번째 글 제목입니다.', '네 번째 글 본문입니다.', 'admin01', 0, '2018-11-16 09:50:42', 755, 0, 0, 1, NULL, NULL, 0),
	(1011, '첫 글 제목입니다.', '첫 글 본문입니다.', 'driver01', 0, '2018-11-16 09:50:44', 1011, 0, 0, 1, NULL, NULL, 0),
	(1012, '두번째 글 제목입니다.', '두 번째 글 본문입니다.', 'rider01', 0, '2018-11-16 09:50:44', 1012, 0, 0, 1, NULL, NULL, 0),
	(1013, '세번째 글 제목입니다.', '세 번째 글 본문입니다.', 'user01', 0, '2018-11-16 09:50:44', 1013, 0, 0, 1, NULL, NULL, 0),
	(1014, '네번째 글 제목입니다.', '네 번째 글 본문입니다.', 'admin01', 0, '2018-11-16 09:50:44', 1014, 0, 0, 1, NULL, NULL, 0),
	(1015, '첫 글 제목입니다.', '첫 글 본문입니다.', 'driver01', 0, '2018-11-16 09:50:44', 1015, 0, 0, 1, NULL, NULL, 0),
	(1016, '두번째 글 제목입니다.', '두 번째 글 본문입니다.', 'rider01', 0, '2018-11-16 09:50:44', 1016, 0, 0, 1, NULL, NULL, 0),
	(1017, '세번째 글 제목입니다.', '세 번째 글 본문입니다.', 'user01', 0, '2018-11-16 09:50:44', 1017, 0, 0, 1, NULL, NULL, 0),
	(1018, '네번째 글 제목입니다.', '네 번째 글 본문입니다.', 'admin01', 0, '2018-11-16 09:50:44', 1018, 0, 0, 1, NULL, NULL, 0),
	(1019, '첫 글 제목입니다.', '첫 글 본문입니다.', 'driver01', 0, '2018-11-16 09:50:44', 1019, 0, 0, 1, NULL, NULL, 0),
	(1020, '두번째 글 제목입니다.', '두 번째 글 본문입니다.', 'rider01', 0, '2018-11-16 09:50:44', 1020, 0, 0, 1, NULL, NULL, 0),
	(1021, '세번째 글 제목입니다.', '세 번째 글 본문입니다.', 'user01', 0, '2018-11-16 09:50:44', 1021, 0, 0, 1, NULL, NULL, 0),
	(1022, '네번째 글 제목입니다.', '네 번째 글 본문입니다.', 'admin01', 0, '2018-11-16 09:50:44', 1022, 0, 0, 1, NULL, NULL, 0),
	(1023, '첫 글 제목입니다.', '첫 글 본문입니다.', 'driver01', 0, '2018-11-16 09:50:44', 1023, 0, 0, 1, NULL, NULL, 0),
	(1024, '두번째 글 제목입니다.', '두 번째 글 본문입니다.', 'rider01', 0, '2018-11-16 09:50:44', 1024, 0, 0, 1, NULL, NULL, 0),
	(1025, '세번째 글 제목입니다.', '세 번째 글 본문입니다.', 'user01', 0, '2018-11-16 09:50:44', 1025, 0, 0, 1, NULL, NULL, 0),
	(1026, '네번째 글 제목입니다.', '네 번째 글 본문입니다.', 'admin01', 0, '2018-11-16 09:50:44', 1026, 0, 0, 1, NULL, NULL, 0),
	(1027, '첫 글 제목입니다.', '첫 글 본문입니다.', 'driver01', 0, '2018-11-16 09:50:44', 1027, 0, 0, 1, NULL, NULL, 0),
	(1028, '두번째 글 제목입니다.', '두 번째 글 본문입니다.', 'rider01', 0, '2018-11-16 09:50:44', 1028, 0, 0, 1, NULL, NULL, 0),
	(1029, '세번째 글 제목입니다.', '세 번째 글 본문입니다.', 'user01', 0, '2018-11-16 09:50:44', 1029, 0, 0, 1, NULL, NULL, 0),
	(1030, '네번째 글 제목입니다.', '네 번째 글 본문입니다.', 'admin01', 0, '2018-11-16 09:50:44', 1030, 0, 0, 1, NULL, NULL, 0),
	(1031, '첫 글 제목입니다.', '첫 글 본문입니다.', 'driver01', 0, '2018-11-16 09:50:44', 1031, 0, 0, 1, NULL, NULL, 0),
	(1032, '두번째 글 제목입니다.', '두 번째 글 본문입니다.', 'rider01', 0, '2018-11-16 09:50:44', 1032, 0, 0, 1, NULL, NULL, 0),
	(1033, '세번째 글 제목입니다.', '세 번째 글 본문입니다.', 'user01', 0, '2018-11-16 09:50:44', 1033, 0, 0, 1, NULL, NULL, 0),
	(1034, '네번째 글 제목입니다.', '네 번째 글 본문입니다.', 'admin01', 0, '2018-11-16 09:50:44', 1034, 0, 0, 1, NULL, NULL, 0),
	(1035, '첫 글 제목입니다.', '첫 글 본문입니다.', 'driver01', 0, '2018-11-16 09:50:44', 1035, 0, 0, 1, NULL, NULL, 0),
	(1036, '두번째 글 제목입니다.', '두 번째 글 본문입니다.', 'rider01', 0, '2018-11-16 09:50:44', 1036, 0, 0, 1, NULL, NULL, 0),
	(1037, '세번째 글 제목입니다.', '세 번째 글 본문입니다.', 'user01', 0, '2018-11-16 09:50:44', 1037, 0, 0, 1, NULL, NULL, 0),
	(1038, '네번째 글 제목입니다.', '네 번째 글 본문입니다.', 'admin01', 0, '2018-11-16 09:50:44', 1038, 0, 0, 1, NULL, NULL, 0),
	(1039, '첫 글 제목입니다.', '첫 글 본문입니다.', 'driver01', 0, '2018-11-16 09:50:44', 1039, 0, 0, 1, NULL, NULL, 0),
	(1040, '두번째 글 제목입니다.', '두 번째 글 본문입니다.', 'rider01', 0, '2018-11-16 09:50:44', 1040, 0, 0, 1, NULL, NULL, 0),
	(1041, '세번째 글 제목입니다.', '세 번째 글 본문입니다.', 'user01', 0, '2018-11-16 09:50:44', 1041, 0, 0, 1, NULL, NULL, 0),
	(1042, '네번째 글 제목입니다.', '네 번째 글 본문입니다.', 'admin01', 0, '2018-11-16 09:50:44', 1042, 0, 0, 1, NULL, NULL, 0),
	(1043, '첫 글 제목입니다.', '첫 글 본문입니다.', 'driver01', 0, '2018-11-16 09:50:44', 1043, 0, 0, 1, NULL, NULL, 0),
	(1044, '두번째 글 제목입니다.', '두 번째 글 본문입니다.', 'rider01', 0, '2018-11-16 09:50:44', 1044, 0, 0, 1, NULL, NULL, 0),
	(1045, '세번째 글 제목입니다.', '세 번째 글 본문입니다.', 'user01', 0, '2018-11-16 09:50:44', 1045, 0, 0, 1, NULL, NULL, 0),
	(1046, '네번째 글 제목입니다.', '네 번째 글 본문입니다.', 'admin01', 0, '2018-11-16 09:50:44', 1046, 0, 0, 1, NULL, NULL, 0),
	(1047, '첫 글 제목입니다.', '첫 글 본문입니다.', 'driver01', 0, '2018-11-16 09:50:44', 1047, 0, 0, 1, NULL, NULL, 0),
	(1048, '두번째 글 제목입니다.', '두 번째 글 본문입니다.', 'rider01', 0, '2018-11-16 09:50:44', 1048, 0, 0, 1, NULL, NULL, 0),
	(1049, '세번째 글 제목입니다.', '세 번째 글 본문입니다.', 'user01', 0, '2018-11-16 09:50:44', 1049, 0, 0, 1, NULL, NULL, 0),
	(1050, '네번째 글 제목입니다.', '네 번째 글 본문입니다.', 'admin01', 0, '2018-11-16 09:50:44', 1050, 0, 0, 1, NULL, NULL, 0),
	(1051, '첫 글 제목입니다.', '첫 글 본문입니다.', 'driver01', 0, '2018-11-16 09:50:44', 1051, 0, 0, 1, NULL, NULL, 0),
	(1052, '두번째 글 제목입니다.', '두 번째 글 본문입니다.', 'rider01', 0, '2018-11-16 09:50:44', 1052, 0, 0, 1, NULL, NULL, 0),
	(1053, '세번째 글 제목입니다.', '세 번째 글 본문입니다.', 'user01', 0, '2018-11-16 09:50:44', 1053, 0, 0, 1, NULL, NULL, 0),
	(1054, '네번째 글 제목입니다.', '네 번째 글 본문입니다.', 'admin01', 0, '2018-11-16 09:50:44', 1054, 0, 0, 1, NULL, NULL, 0),
	(1055, '첫 글 제목입니다.', '첫 글 본문입니다.', 'driver01', 0, '2018-11-16 09:50:44', 1055, 0, 0, 1, NULL, NULL, 0),
	(1056, '두번째 글 제목입니다.', '두 번째 글 본문입니다.', 'rider01', 0, '2018-11-16 09:50:44', 1056, 0, 0, 1, NULL, NULL, 0),
	(1057, '세번째 글 제목입니다.', '세 번째 글 본문입니다.', 'user01', 0, '2018-11-16 09:50:44', 1057, 0, 0, 1, NULL, NULL, 0),
	(1058, '네번째 글 제목입니다.', '네 번째 글 본문입니다.', 'admin01', 0, '2018-11-16 09:50:44', 1058, 0, 0, 1, NULL, NULL, 0),
	(1059, '첫 글 제목입니다.', '첫 글 본문입니다.', 'driver01', 0, '2018-11-16 09:50:44', 1059, 0, 0, 1, NULL, NULL, 0),
	(1060, '두번째 글 제목입니다.', '두 번째 글 본문입니다.', 'rider01', 0, '2018-11-16 09:50:44', 1060, 0, 0, 1, NULL, NULL, 0),
	(1061, '세번째 글 제목입니다.', '세 번째 글 본문입니다.', 'user01', 0, '2018-11-16 09:50:44', 1061, 0, 0, 1, NULL, NULL, 0),
	(1062, '네번째 글 제목입니다.', '네 번째 글 본문입니다.', 'admin01', 0, '2018-11-16 09:50:44', 1062, 0, 0, 1, NULL, NULL, 0),
	(1063, '첫 글 제목입니다.', '첫 글 본문입니다.', 'driver01', 0, '2018-11-16 09:50:44', 1063, 0, 0, 1, NULL, NULL, 0),
	(1064, '두번째 글 제목입니다.', '두 번째 글 본문입니다.', 'rider01', 0, '2018-11-16 09:50:44', 1064, 0, 0, 1, NULL, NULL, 0),
	(1065, '세번째 글 제목입니다.', '세 번째 글 본문입니다.', 'user01', 0, '2018-11-16 09:50:44', 1065, 0, 0, 1, NULL, NULL, 0),
	(1066, '네번째 글 제목입니다.', '네 번째 글 본문입니다.', 'admin01', 0, '2018-11-16 09:50:44', 1066, 0, 0, 1, NULL, NULL, 0),
	(1067, '첫 글 제목입니다.', '첫 글 본문입니다.', 'driver01', 0, '2018-11-16 09:50:44', 1067, 0, 0, 1, NULL, NULL, 0),
	(1068, '두번째 글 제목입니다.', '두 번째 글 본문입니다.', 'rider01', 0, '2018-11-16 09:50:44', 1068, 0, 0, 1, NULL, NULL, 0),
	(1069, '세번째 글 제목입니다.', '세 번째 글 본문입니다.', 'user01', 0, '2018-11-16 09:50:44', 1069, 0, 0, 1, NULL, NULL, 0),
	(1070, '네번째 글 제목입니다.', '네 번째 글 본문입니다.', 'admin01', 0, '2018-11-16 09:50:44', 1070, 0, 0, 1, NULL, NULL, 0),
	(1071, '첫 글 제목입니다.', '첫 글 본문입니다.', 'driver01', 0, '2018-11-16 09:50:44', 1071, 0, 0, 1, NULL, NULL, 0),
	(1072, '두번째 글 제목입니다.', '두 번째 글 본문입니다.', 'rider01', 0, '2018-11-16 09:50:44', 1072, 0, 0, 1, NULL, NULL, 0),
	(1073, '세번째 글 제목입니다.', '세 번째 글 본문입니다.', 'user01', 0, '2018-11-16 09:50:44', 1073, 0, 0, 1, NULL, NULL, 0),
	(1074, '네번째 글 제목입니다.', '네 번째 글 본문입니다.', 'admin01', 0, '2018-11-16 09:50:44', 1074, 0, 0, 1, NULL, NULL, 0),
	(1075, '첫 글 제목입니다.', '첫 글 본문입니다.', 'driver01', 0, '2018-11-16 09:50:44', 1075, 0, 0, 1, NULL, NULL, 0),
	(1076, '두번째 글 제목입니다.', '두 번째 글 본문입니다.', 'rider01', 0, '2018-11-16 09:50:44', 1076, 0, 0, 1, NULL, NULL, 0),
	(1077, '세번째 글 제목입니다.', '세 번째 글 본문입니다.', 'user01', 0, '2018-11-16 09:50:44', 1077, 0, 0, 1, NULL, NULL, 0),
	(1078, '네번째 글 제목입니다.', '네 번째 글 본문입니다.', 'admin01', 0, '2018-11-16 09:50:44', 1078, 0, 0, 1, NULL, NULL, 0),
	(1079, '첫 글 제목입니다.', '첫 글 본문입니다.', 'driver01', 0, '2018-11-16 09:50:44', 1079, 0, 0, 1, NULL, NULL, 0),
	(1080, '두번째 글 제목입니다.', '두 번째 글 본문입니다.', 'rider01', 0, '2018-11-16 09:50:44', 1080, 0, 0, 1, NULL, NULL, 0),
	(1081, '세번째 글 제목입니다.', '세 번째 글 본문입니다.', 'user01', 0, '2018-11-16 09:50:44', 1081, 0, 0, 1, NULL, NULL, 0),
	(1082, '네번째 글 제목입니다.', '네 번째 글 본문입니다.', 'admin01', 0, '2018-11-16 09:50:44', 1082, 0, 0, 1, NULL, NULL, 0),
	(1083, '첫 글 제목입니다.', '첫 글 본문입니다.', 'driver01', 0, '2018-11-16 09:50:44', 1083, 0, 0, 1, NULL, NULL, 0),
	(1084, '두번째 글 제목입니다.', '두 번째 글 본문입니다.', 'rider01', 0, '2018-11-16 09:50:44', 1084, 0, 0, 1, NULL, NULL, 0),
	(1085, '세번째 글 제목입니다.', '세 번째 글 본문입니다.', 'user01', 0, '2018-11-16 09:50:44', 1085, 0, 0, 1, NULL, NULL, 0),
	(1086, '네번째 글 제목입니다.', '네 번째 글 본문입니다.', 'admin01', 0, '2018-11-16 09:50:44', 1086, 0, 0, 1, NULL, NULL, 0),
	(1087, '첫 글 제목입니다.', '첫 글 본문입니다.', 'driver01', 0, '2018-11-16 09:50:44', 1087, 0, 0, 1, NULL, NULL, 0),
	(1088, '두번째 글 제목입니다.', '두 번째 글 본문입니다.', 'rider01', 0, '2018-11-16 09:50:44', 1088, 0, 0, 1, NULL, NULL, 0),
	(1089, '세번째 글 제목입니다.', '세 번째 글 본문입니다.', 'user01', 0, '2018-11-16 09:50:44', 1089, 0, 0, 1, NULL, NULL, 0),
	(1090, '네번째 글 제목입니다.', '네 번째 글 본문입니다.', 'admin01', 0, '2018-11-16 09:50:44', 1090, 0, 0, 1, NULL, NULL, 0),
	(1091, '첫 글 제목입니다.', '첫 글 본문입니다.', 'driver01', 0, '2018-11-16 09:50:44', 1091, 0, 0, 1, NULL, NULL, 0),
	(1092, '두번째 글 제목입니다.', '두 번째 글 본문입니다.', 'rider01', 0, '2018-11-16 09:50:44', 1092, 0, 0, 1, NULL, NULL, 0),
	(1093, '세번째 글 제목입니다.', '세 번째 글 본문입니다.', 'user01', 0, '2018-11-16 09:50:44', 1093, 0, 0, 1, NULL, NULL, 0),
	(1094, '네번째 글 제목입니다.', '네 번째 글 본문입니다.', 'admin01', 0, '2018-11-16 09:50:44', 1094, 0, 0, 1, NULL, NULL, 0),
	(1095, '첫 글 제목입니다.', '첫 글 본문입니다.', 'driver01', 0, '2018-11-16 09:50:44', 1095, 0, 0, 1, NULL, NULL, 0),
	(1096, '두번째 글 제목입니다.', '두 번째 글 본문입니다.', 'rider01', 0, '2018-11-16 09:50:44', 1096, 0, 0, 1, NULL, NULL, 0),
	(1097, '세번째 글 제목입니다.', '세 번째 글 본문입니다.', 'user01', 0, '2018-11-16 09:50:44', 1097, 0, 0, 1, NULL, NULL, 0),
	(1098, '네번째 글 제목입니다.', '네 번째 글 본문입니다.', 'admin01', 0, '2018-11-16 09:50:44', 1098, 0, 0, 1, NULL, NULL, 0),
	(1099, '첫 글 제목입니다.', '첫 글 본문입니다.', 'driver01', 0, '2018-11-16 09:50:44', 1099, 0, 0, 1, NULL, NULL, 0),
	(1100, '두번째 글 제목입니다.', '두 번째 글 본문입니다.', 'rider01', 0, '2018-11-16 09:50:44', 1100, 0, 0, 1, NULL, NULL, 0),
	(1101, '세번째 글 제목입니다.', '세 번째 글 본문입니다.', 'user01', 0, '2018-11-16 09:50:44', 1101, 0, 0, 1, NULL, NULL, 0),
	(1102, '네번째 글 제목입니다.', '네 번째 글 본문입니다.', 'admin01', 0, '2018-11-16 09:50:44', 1102, 0, 0, 1, NULL, NULL, 0),
	(1103, '첫 글 제목입니다.', '첫 글 본문입니다.', 'driver01', 0, '2018-11-16 09:50:44', 1103, 0, 0, 1, NULL, NULL, 0),
	(1104, '두번째 글 제목입니다.', '두 번째 글 본문입니다.', 'rider01', 0, '2018-11-16 09:50:44', 1104, 0, 0, 1, NULL, NULL, 0),
	(1105, '세번째 글 제목입니다.', '세 번째 글 본문입니다.', 'user01', 0, '2018-11-16 09:50:44', 1105, 0, 0, 1, NULL, NULL, 0),
	(1106, '네번째 글 제목입니다.', '네 번째 글 본문입니다.', 'admin01', 0, '2018-11-16 09:50:44', 1106, 0, 0, 1, NULL, NULL, 0),
	(1107, '첫 글 제목입니다.', '첫 글 본문입니다.', 'driver01', 0, '2018-11-16 09:50:44', 1107, 0, 0, 1, NULL, NULL, 0),
	(1108, '두번째 글 제목입니다.', '두 번째 글 본문입니다.', 'rider01', 0, '2018-11-16 09:50:44', 1108, 0, 0, 1, NULL, NULL, 0),
	(1109, '세번째 글 제목입니다.', '세 번째 글 본문입니다.', 'user01', 0, '2018-11-16 09:50:44', 1109, 0, 0, 1, NULL, NULL, 0),
	(1110, '네번째 글 제목입니다.', '네 번째 글 본문입니다.', 'admin01', 0, '2018-11-16 09:50:44', 1110, 0, 0, 1, NULL, NULL, 0),
	(1111, '첫 글 제목입니다.', '첫 글 본문입니다.', 'driver01', 0, '2018-11-16 09:50:44', 1111, 0, 0, 1, NULL, NULL, 0),
	(1112, '두번째 글 제목입니다.', '두 번째 글 본문입니다.', 'rider01', 0, '2018-11-16 09:50:44', 1112, 0, 0, 1, NULL, NULL, 0),
	(1113, '세번째 글 제목입니다.', '세 번째 글 본문입니다.', 'user01', 0, '2018-11-16 09:50:44', 1113, 0, 0, 1, NULL, NULL, 0),
	(1114, '네번째 글 제목입니다.', '네 번째 글 본문입니다.', 'admin01', 0, '2018-11-16 09:50:44', 1114, 0, 0, 1, NULL, NULL, 0),
	(1115, '첫 글 제목입니다.', '첫 글 본문입니다.', 'driver01', 0, '2018-11-16 09:50:44', 1115, 0, 0, 1, NULL, NULL, 0),
	(1116, '두번째 글 제목입니다.', '두 번째 글 본문입니다.', 'rider01', 0, '2018-11-16 09:50:44', 1116, 0, 0, 1, NULL, NULL, 0),
	(1117, '세번째 글 제목입니다.', '세 번째 글 본문입니다.', 'user01', 0, '2018-11-16 09:50:44', 1117, 0, 0, 1, NULL, NULL, 0),
	(1118, '네번째 글 제목입니다.', '네 번째 글 본문입니다.', 'admin01', 0, '2018-11-16 09:50:44', 1118, 0, 0, 1, NULL, NULL, 0),
	(1119, '첫 글 제목입니다.', '첫 글 본문입니다.', 'driver01', 0, '2018-11-16 09:50:44', 1119, 0, 0, 1, NULL, NULL, 0),
	(1120, '두번째 글 제목입니다.', '두 번째 글 본문입니다.', 'rider01', 0, '2018-11-16 09:50:44', 1120, 0, 0, 1, NULL, NULL, 0),
	(1121, '세번째 글 제목입니다.', '세 번째 글 본문입니다.', 'user01', 0, '2018-11-16 09:50:44', 1121, 0, 0, 1, NULL, NULL, 0),
	(1122, '네번째 글 제목입니다.', '네 번째 글 본문입니다.', 'admin01', 0, '2018-11-16 09:50:44', 1122, 0, 0, 1, NULL, NULL, 0),
	(1123, '첫 글 제목입니다.', '첫 글 본문입니다.', 'driver01', 0, '2018-11-16 09:50:44', 1123, 0, 0, 1, NULL, NULL, 0),
	(1124, '두번째 글 제목입니다.', '두 번째 글 본문입니다.', 'rider01', 0, '2018-11-16 09:50:44', 1124, 0, 0, 1, NULL, NULL, 0),
	(1125, '세번째 글 제목입니다.', '세 번째 글 본문입니다.', 'user01', 0, '2018-11-16 09:50:44', 1125, 0, 0, 1, NULL, NULL, 0),
	(1126, '네번째 글 제목입니다.', '네 번째 글 본문입니다.', 'admin01', 0, '2018-11-16 09:50:44', 1126, 0, 0, 1, NULL, NULL, 0),
	(1127, '첫 글 제목입니다.', '첫 글 본문입니다.', 'driver01', 0, '2018-11-16 09:50:44', 1127, 0, 0, 1, NULL, NULL, 0),
	(1128, '두번째 글 제목입니다.', '두 번째 글 본문입니다.', 'rider01', 0, '2018-11-16 09:50:44', 1128, 0, 0, 1, NULL, NULL, 0),
	(1129, '세번째 글 제목입니다.', '세 번째 글 본문입니다.', 'user01', 0, '2018-11-16 09:50:44', 1129, 0, 0, 1, NULL, NULL, 0),
	(1130, '네번째 글 제목입니다.', '네 번째 글 본문입니다.', 'admin01', 0, '2018-11-16 09:50:44', 1130, 0, 0, 1, NULL, NULL, 0),
	(1131, '첫 글 제목입니다.', '첫 글 본문입니다.', 'driver01', 0, '2018-11-16 09:50:44', 1131, 0, 0, 1, NULL, NULL, 0),
	(1132, '두번째 글 제목입니다.', '두 번째 글 본문입니다.', 'rider01', 0, '2018-11-16 09:50:44', 1132, 0, 0, 1, NULL, NULL, 0),
	(1133, '세번째 글 제목입니다.', '세 번째 글 본문입니다.', 'user01', 0, '2018-11-16 09:50:44', 1133, 0, 0, 1, NULL, NULL, 0),
	(1134, '네번째 글 제목입니다.', '네 번째 글 본문입니다.', 'admin01', 0, '2018-11-16 09:50:44', 1134, 0, 0, 1, NULL, NULL, 0),
	(1135, '첫 글 제목입니다.', '첫 글 본문입니다.', 'driver01', 0, '2018-11-16 09:50:44', 1135, 0, 0, 1, NULL, NULL, 0),
	(1136, '두번째 글 제목입니다.', '두 번째 글 본문입니다.', 'rider01', 0, '2018-11-16 09:50:44', 1136, 0, 0, 1, NULL, NULL, 0),
	(1137, '세번째 글 제목입니다.', '세 번째 글 본문입니다.', 'user01', 0, '2018-11-16 09:50:44', 1137, 0, 0, 1, NULL, NULL, 0),
	(1138, '네번째 글 제목입니다.', '네 번째 글 본문입니다.', 'admin01', 0, '2018-11-16 09:50:44', 1138, 0, 0, 1, NULL, NULL, 0),
	(1139, '첫 글 제목입니다.', '첫 글 본문입니다.', 'driver01', 0, '2018-11-16 09:50:44', 1139, 0, 0, 1, NULL, NULL, 0),
	(1140, '두번째 글 제목입니다.', '두 번째 글 본문입니다.', 'rider01', 0, '2018-11-16 09:50:44', 1140, 0, 0, 1, NULL, NULL, 0),
	(1141, '세번째 글 제목입니다.', '세 번째 글 본문입니다.', 'user01', 0, '2018-11-16 09:50:44', 1141, 0, 0, 1, NULL, NULL, 0),
	(1142, '네번째 글 제목입니다.', '네 번째 글 본문입니다.', 'admin01', 0, '2018-11-16 09:50:44', 1142, 0, 0, 1, NULL, NULL, 0),
	(1143, '첫 글 제목입니다.', '첫 글 본문입니다.', 'driver01', 0, '2018-11-16 09:50:44', 1143, 0, 0, 1, NULL, NULL, 0),
	(1144, '두번째 글 제목입니다.', '두 번째 글 본문입니다.', 'rider01', 0, '2018-11-16 09:50:44', 1144, 0, 0, 1, NULL, NULL, 0),
	(1145, '세번째 글 제목입니다.', '세 번째 글 본문입니다.', 'user01', 0, '2018-11-16 09:50:44', 1145, 0, 0, 1, NULL, NULL, 0),
	(1146, '네번째 글 제목입니다.', '네 번째 글 본문입니다.', 'admin01', 0, '2018-11-16 09:50:44', 1146, 0, 0, 1, NULL, NULL, 0),
	(1147, '첫 글 제목입니다.', '첫 글 본문입니다.', 'driver01', 0, '2018-11-16 09:50:44', 1147, 0, 0, 1, NULL, NULL, 0),
	(1148, '두번째 글 제목입니다.', '두 번째 글 본문입니다.', 'rider01', 0, '2018-11-16 09:50:44', 1148, 0, 0, 1, NULL, NULL, 0),
	(1149, '세번째 글 제목입니다.', '세 번째 글 본문입니다.', 'user01', 0, '2018-11-16 09:50:44', 1149, 0, 0, 1, NULL, NULL, 0),
	(1150, '네번째 글 제목입니다.', '네 번째 글 본문입니다.', 'admin01', 0, '2018-11-16 09:50:44', 1150, 0, 0, 1, NULL, NULL, 0),
	(1151, '첫 글 제목입니다.', '첫 글 본문입니다.', 'driver01', 0, '2018-11-16 09:50:44', 1151, 0, 0, 1, NULL, NULL, 0),
	(1152, '두번째 글 제목입니다.', '두 번째 글 본문입니다.', 'rider01', 0, '2018-11-16 09:50:44', 1152, 0, 0, 1, NULL, NULL, 0),
	(1153, '세번째 글 제목입니다.', '세 번째 글 본문입니다.', 'user01', 0, '2018-11-16 09:50:44', 1153, 0, 0, 1, NULL, NULL, 0),
	(1154, '네번째 글 제목입니다.', '네 번째 글 본문입니다.', 'admin01', 0, '2018-11-16 09:50:44', 1154, 0, 0, 1, NULL, NULL, 0),
	(1155, '첫 글 제목입니다.', '첫 글 본문입니다.', 'driver01', 0, '2018-11-16 09:50:44', 1155, 0, 0, 1, NULL, NULL, 0),
	(1156, '두번째 글 제목입니다.', '두 번째 글 본문입니다.', 'rider01', 0, '2018-11-16 09:50:44', 1156, 0, 0, 1, NULL, NULL, 0),
	(1157, '세번째 글 제목입니다.', '세 번째 글 본문입니다.', 'user01', 0, '2018-11-16 09:50:44', 1157, 0, 0, 1, NULL, NULL, 0),
	(1158, '네번째 글 제목입니다.', '네 번째 글 본문입니다.', 'admin01', 0, '2018-11-16 09:50:44', 1158, 0, 0, 1, NULL, NULL, 0),
	(1159, '첫 글 제목입니다.', '첫 글 본문입니다.', 'driver01', 0, '2018-11-16 09:50:44', 1159, 0, 0, 1, NULL, NULL, 0),
	(1160, '두번째 글 제목입니다.', '두 번째 글 본문입니다.', 'rider01', 0, '2018-11-16 09:50:44', 1160, 0, 0, 1, NULL, NULL, 0),
	(1161, '세번째 글 제목입니다.', '세 번째 글 본문입니다.', 'user01', 0, '2018-11-16 09:50:44', 1161, 0, 0, 1, NULL, NULL, 0),
	(1162, '네번째 글 제목입니다.', '네 번째 글 본문입니다.', 'admin01', 0, '2018-11-16 09:50:44', 1162, 0, 0, 1, NULL, NULL, 0),
	(1163, '첫 글 제목입니다.', '첫 글 본문입니다.', 'driver01', 0, '2018-11-16 09:50:44', 1163, 0, 0, 1, NULL, NULL, 0),
	(1164, '두번째 글 제목입니다.', '두 번째 글 본문입니다.', 'rider01', 0, '2018-11-16 09:50:44', 1164, 0, 0, 1, NULL, NULL, 0),
	(1165, '세번째 글 제목입니다.', '세 번째 글 본문입니다.', 'user01', 0, '2018-11-16 09:50:44', 1165, 0, 0, 1, NULL, NULL, 0),
	(1166, '네번째 글 제목입니다.', '네 번째 글 본문입니다.', 'admin01', 0, '2018-11-16 09:50:44', 1166, 0, 0, 1, NULL, NULL, 0),
	(1167, '첫 글 제목입니다.', '첫 글 본문입니다.', 'driver01', 0, '2018-11-16 09:50:44', 1167, 0, 0, 1, NULL, NULL, 0),
	(1168, '두번째 글 제목입니다.', '두 번째 글 본문입니다.', 'rider01', 0, '2018-11-16 09:50:44', 1168, 0, 0, 1, NULL, NULL, 0),
	(1169, '세번째 글 제목입니다.', '세 번째 글 본문입니다.', 'user01', 0, '2018-11-16 09:50:44', 1169, 0, 0, 1, NULL, NULL, 0),
	(1170, '네번째 글 제목입니다.', '네 번째 글 본문입니다.', 'admin01', 0, '2018-11-16 09:50:44', 1170, 0, 0, 1, NULL, NULL, 0),
	(1171, '첫 글 제목입니다.', '첫 글 본문입니다.', 'driver01', 0, '2018-11-16 09:50:44', 1171, 0, 0, 1, NULL, NULL, 0),
	(1172, '두번째 글 제목입니다.', '두 번째 글 본문입니다.', 'rider01', 0, '2018-11-16 09:50:44', 1172, 0, 0, 1, NULL, NULL, 0),
	(1173, '세번째 글 제목입니다.', '세 번째 글 본문입니다.', 'user01', 0, '2018-11-16 09:50:44', 1173, 0, 0, 1, NULL, NULL, 0),
	(1174, '네번째 글 제목입니다.', '네 번째 글 본문입니다.', 'admin01', 0, '2018-11-16 09:50:44', 1174, 0, 0, 1, NULL, NULL, 0),
	(1175, '첫 글 제목입니다.', '첫 글 본문입니다.', 'driver01', 0, '2018-11-16 09:50:44', 1175, 0, 0, 1, NULL, NULL, 0),
	(1176, '두번째 글 제목입니다.', '두 번째 글 본문입니다.', 'rider01', 0, '2018-11-16 09:50:44', 1176, 0, 0, 1, NULL, NULL, 0),
	(1177, '세번째 글 제목입니다.', '세 번째 글 본문입니다.', 'user01', 0, '2018-11-16 09:50:44', 1177, 0, 0, 1, NULL, NULL, 0),
	(1178, '네번째 글 제목입니다.', '네 번째 글 본문입니다.', 'admin01', 0, '2018-11-16 09:50:44', 1178, 0, 0, 1, NULL, NULL, 0),
	(1179, '첫 글 제목입니다.', '첫 글 본문입니다.', 'driver01', 0, '2018-11-16 09:50:44', 1179, 0, 0, 1, NULL, NULL, 0),
	(1180, '두번째 글 제목입니다.', '두 번째 글 본문입니다.', 'rider01', 0, '2018-11-16 09:50:44', 1180, 0, 0, 1, NULL, NULL, 0),
	(1181, '세번째 글 제목입니다.', '세 번째 글 본문입니다.', 'user01', 0, '2018-11-16 09:50:44', 1181, 0, 0, 1, NULL, NULL, 0),
	(1182, '네번째 글 제목입니다.', '네 번째 글 본문입니다.', 'admin01', 0, '2018-11-16 09:50:44', 1182, 0, 0, 1, NULL, NULL, 0),
	(1183, '첫 글 제목입니다.', '첫 글 본문입니다.', 'driver01', 0, '2018-11-16 09:50:44', 1183, 0, 0, 1, NULL, NULL, 0),
	(1184, '두번째 글 제목입니다.', '두 번째 글 본문입니다.', 'rider01', 0, '2018-11-16 09:50:44', 1184, 0, 0, 1, NULL, NULL, 0),
	(1185, '세번째 글 제목입니다.', '세 번째 글 본문입니다.', 'user01', 0, '2018-11-16 09:50:44', 1185, 0, 0, 1, NULL, NULL, 0),
	(1186, '네번째 글 제목입니다.', '네 번째 글 본문입니다.', 'admin01', 0, '2018-11-16 09:50:44', 1186, 0, 0, 1, NULL, NULL, 0),
	(1187, '첫 글 제목입니다.', '첫 글 본문입니다.', 'driver01', 0, '2018-11-16 09:50:44', 1187, 0, 0, 1, NULL, NULL, 0),
	(1188, '두번째 글 제목입니다.', '두 번째 글 본문입니다.', 'rider01', 0, '2018-11-16 09:50:44', 1188, 0, 0, 1, NULL, NULL, 0),
	(1189, '세번째 글 제목입니다.', '세 번째 글 본문입니다.', 'user01', 0, '2018-11-16 09:50:44', 1189, 0, 0, 1, NULL, NULL, 0),
	(1190, '네번째 글 제목입니다.', '네 번째 글 본문입니다.', 'admin01', 0, '2018-11-16 09:50:44', 1190, 0, 0, 1, NULL, NULL, 0),
	(1191, '첫 글 제목입니다.', '첫 글 본문입니다.', 'driver01', 0, '2018-11-16 09:50:44', 1191, 0, 0, 1, NULL, NULL, 0),
	(1192, '두번째 글 제목입니다.', '두 번째 글 본문입니다.', 'rider01', 0, '2018-11-16 09:50:44', 1192, 0, 0, 1, NULL, NULL, 0),
	(1193, '세번째 글 제목입니다.', '세 번째 글 본문입니다.', 'user01', 0, '2018-11-16 09:50:44', 1193, 0, 0, 1, NULL, NULL, 0),
	(1194, '네번째 글 제목입니다.', '네 번째 글 본문입니다.', 'admin01', 0, '2018-11-16 09:50:44', 1194, 0, 0, 1, NULL, NULL, 0),
	(1195, '첫 글 제목입니다.', '첫 글 본문입니다.', 'driver01', 0, '2018-11-16 09:50:44', 1195, 0, 0, 1, NULL, NULL, 0),
	(1196, '두번째 글 제목입니다.', '두 번째 글 본문입니다.', 'rider01', 0, '2018-11-16 09:50:44', 1196, 0, 0, 1, NULL, NULL, 0),
	(1197, '세번째 글 제목입니다.', '세 번째 글 본문입니다.', 'user01', 0, '2018-11-16 09:50:44', 1197, 0, 0, 1, NULL, NULL, 0),
	(1198, '네번째 글 제목입니다.', '네 번째 글 본문입니다.', 'admin01', 0, '2018-11-16 09:50:44', 1198, 0, 0, 1, NULL, NULL, 0),
	(1199, '첫 글 제목입니다.', '첫 글 본문입니다.', 'driver01', 0, '2018-11-16 09:50:44', 1199, 0, 0, 1, NULL, NULL, 0),
	(1200, '두번째 글 제목입니다.', '두 번째 글 본문입니다.', 'rider01', 0, '2018-11-16 09:50:44', 1200, 0, 0, 1, NULL, NULL, 0),
	(1201, '세번째 글 제목입니다.', '세 번째 글 본문입니다.', 'user01', 0, '2018-11-16 09:50:44', 1201, 0, 0, 1, NULL, NULL, 0),
	(1202, '네번째 글 제목입니다.', '네 번째 글 본문입니다.', 'admin01', 0, '2018-11-16 09:50:44', 1202, 0, 0, 1, NULL, NULL, 0),
	(1203, '첫 글 제목입니다.', '첫 글 본문입니다.', 'driver01', 0, '2018-11-16 09:50:44', 1203, 0, 0, 1, NULL, NULL, 0),
	(1204, '두번째 글 제목입니다.', '두 번째 글 본문입니다.', 'rider01', 0, '2018-11-16 09:50:44', 1204, 0, 0, 1, NULL, NULL, 0),
	(1205, '세번째 글 제목입니다.', '세 번째 글 본문입니다.', 'user01', 0, '2018-11-16 09:50:44', 1205, 0, 0, 1, NULL, NULL, 0),
	(1206, '네번째 글 제목입니다.', '네 번째 글 본문입니다.', 'admin01', 0, '2018-11-16 09:50:44', 1206, 0, 0, 1, NULL, NULL, 0),
	(1207, '첫 글 제목입니다.', '첫 글 본문입니다.', 'driver01', 0, '2018-11-16 09:50:44', 1207, 0, 0, 1, NULL, NULL, 0),
	(1208, '두번째 글 제목입니다.', '두 번째 글 본문입니다.', 'rider01', 0, '2018-11-16 09:50:44', 1208, 0, 0, 1, NULL, NULL, 0),
	(1209, '세번째 글 제목입니다.', '세 번째 글 본문입니다.', 'user01', 0, '2018-11-16 09:50:44', 1209, 0, 0, 1, NULL, NULL, 0),
	(1210, '네번째 글 제목입니다.', '네 번째 글 본문입니다.', 'admin01', 0, '2018-11-16 09:50:44', 1210, 0, 0, 1, NULL, NULL, 0),
	(1211, '첫 글 제목입니다.', '첫 글 본문입니다.', 'driver01', 0, '2018-11-16 09:50:44', 1211, 0, 0, 1, NULL, NULL, 0),
	(1212, '두번째 글 제목입니다.', '두 번째 글 본문입니다.', 'rider01', 0, '2018-11-16 09:50:44', 1212, 0, 0, 1, NULL, NULL, 0),
	(1213, '세번째 글 제목입니다.', '세 번째 글 본문입니다.', 'user01', 0, '2018-11-16 09:50:44', 1213, 0, 0, 1, NULL, NULL, 0),
	(1214, '네번째 글 제목입니다.', '네 번째 글 본문입니다.', 'admin01', 0, '2018-11-16 09:50:44', 1214, 0, 0, 1, NULL, NULL, 0),
	(1215, '첫 글 제목입니다.', '첫 글 본문입니다.', 'driver01', 0, '2018-11-16 09:50:44', 1215, 0, 0, 1, NULL, NULL, 0),
	(1216, '두번째 글 제목입니다.', '두 번째 글 본문입니다.', 'rider01', 0, '2018-11-16 09:50:44', 1216, 0, 0, 1, NULL, NULL, 0),
	(1217, '세번째 글 제목입니다.', '세 번째 글 본문입니다.', 'user01', 0, '2018-11-16 09:50:44', 1217, 0, 0, 1, NULL, NULL, 0),
	(1218, '네번째 글 제목입니다.', '네 번째 글 본문입니다.', 'admin01', 0, '2018-11-16 09:50:44', 1218, 0, 0, 1, NULL, NULL, 0),
	(1219, '첫 글 제목입니다.', '첫 글 본문입니다.', 'driver01', 0, '2018-11-16 09:50:44', 1219, 0, 0, 1, NULL, NULL, 0),
	(1220, '두번째 글 제목입니다.', '두 번째 글 본문입니다.', 'rider01', 0, '2018-11-16 09:50:44', 1220, 0, 0, 1, NULL, NULL, 0),
	(1221, '세번째 글 제목입니다.', '세 번째 글 본문입니다.', 'user01', 0, '2018-11-16 09:50:44', 1221, 0, 0, 1, NULL, NULL, 0),
	(1222, '네번째 글 제목입니다.', '네 번째 글 본문입니다.', 'admin01', 0, '2018-11-16 09:50:44', 1222, 0, 0, 1, NULL, NULL, 0),
	(1223, '첫 글 제목입니다.', '첫 글 본문입니다.', 'driver01', 0, '2018-11-16 09:50:44', 1223, 0, 0, 1, NULL, NULL, 0),
	(1224, '두번째 글 제목입니다.', '두 번째 글 본문입니다.', 'rider01', 0, '2018-11-16 09:50:44', 1224, 0, 0, 1, NULL, NULL, 0),
	(1225, '세번째 글 제목입니다.', '세 번째 글 본문입니다.', 'user01', 0, '2018-11-16 09:50:44', 1225, 0, 0, 1, NULL, NULL, 0),
	(1226, '네번째 글 제목입니다.', '네 번째 글 본문입니다.', 'admin01', 0, '2018-11-16 09:50:44', 1226, 0, 0, 1, NULL, NULL, 0),
	(1227, '첫 글 제목입니다.', '첫 글 본문입니다.', 'driver01', 0, '2018-11-16 09:50:44', 1227, 0, 0, 1, NULL, NULL, 0),
	(1228, '두번째 글 제목입니다.', '두 번째 글 본문입니다.', 'rider01', 0, '2018-11-16 09:50:44', 1228, 0, 0, 1, NULL, NULL, 0),
	(1229, '세번째 글 제목입니다.', '세 번째 글 본문입니다.', 'user01', 0, '2018-11-16 09:50:44', 1229, 0, 0, 1, NULL, NULL, 0),
	(1230, '네번째 글 제목입니다.', '네 번째 글 본문입니다.', 'admin01', 0, '2018-11-16 09:50:44', 1230, 0, 0, 1, NULL, NULL, 0),
	(1231, '첫 글 제목입니다.', '첫 글 본문입니다.', 'driver01', 0, '2018-11-16 09:50:44', 1231, 0, 0, 1, NULL, NULL, 0),
	(1232, '두번째 글 제목입니다.', '두 번째 글 본문입니다.', 'rider01', 0, '2018-11-16 09:50:44', 1232, 0, 0, 1, NULL, NULL, 0),
	(1233, '세번째 글 제목입니다.', '세 번째 글 본문입니다.', 'user01', 0, '2018-11-16 09:50:44', 1233, 0, 0, 1, NULL, NULL, 0),
	(1234, '네번째 글 제목입니다.', '네 번째 글 본문입니다.', 'admin01', 0, '2018-11-16 09:50:44', 1234, 0, 0, 1, NULL, NULL, 0),
	(1235, '첫 글 제목입니다.', '첫 글 본문입니다.', 'driver01', 0, '2018-11-16 09:50:44', 1235, 0, 0, 1, NULL, NULL, 0),
	(1236, '두번째 글 제목입니다.', '두 번째 글 본문입니다.', 'rider01', 0, '2018-11-16 09:50:44', 1236, 0, 0, 1, NULL, NULL, 0),
	(1237, '세번째 글 제목입니다.', '세 번째 글 본문입니다.', 'user01', 0, '2018-11-16 09:50:44', 1237, 0, 0, 1, NULL, NULL, 0),
	(1238, '네번째 글 제목입니다.', '네 번째 글 본문입니다.', 'admin01', 0, '2018-11-16 09:50:44', 1238, 0, 0, 1, NULL, NULL, 0),
	(1239, '첫 글 제목입니다.', '첫 글 본문입니다.', 'driver01', 0, '2018-11-16 09:50:44', 1239, 0, 0, 1, NULL, NULL, 0),
	(1240, '두번째 글 제목입니다.', '두 번째 글 본문입니다.', 'rider01', 0, '2018-11-16 09:50:44', 1240, 0, 0, 1, NULL, NULL, 0),
	(1241, '세번째 글 제목입니다.', '세 번째 글 본문입니다.', 'user01', 0, '2018-11-16 09:50:44', 1241, 0, 0, 1, NULL, NULL, 0),
	(1242, '네번째 글 제목입니다.', '네 번째 글 본문입니다.', 'admin01', 0, '2018-11-16 09:50:44', 1242, 0, 0, 1, NULL, NULL, 0),
	(1243, '첫 글 제목입니다.', '첫 글 본문입니다.', 'driver01', 0, '2018-11-16 09:50:44', 1243, 0, 0, 1, NULL, NULL, 0),
	(1244, '두번째 글 제목입니다.', '두 번째 글 본문입니다.', 'rider01', 0, '2018-11-16 09:50:44', 1244, 0, 0, 1, NULL, NULL, 0),
	(1245, '세번째 글 제목입니다.', '세 번째 글 본문입니다.', 'user01', 0, '2018-11-16 09:50:44', 1245, 0, 0, 1, NULL, NULL, 0),
	(1246, '네번째 글 제목입니다.', '네 번째 글 본문입니다.', 'admin01', 0, '2018-11-16 09:50:44', 1246, 0, 0, 1, NULL, NULL, 0),
	(1247, '첫 글 제목입니다.', '첫 글 본문입니다.', 'driver01', 0, '2018-11-16 09:50:44', 1247, 0, 0, 1, NULL, NULL, 0),
	(1248, '두번째 글 제목입니다.', '두 번째 글 본문입니다.', 'rider01', 0, '2018-11-16 09:50:44', 1248, 0, 0, 1, NULL, NULL, 0),
	(1249, '세번째 글 제목입니다.', '세 번째 글 본문입니다.', 'user01', 0, '2018-11-16 09:50:44', 1249, 0, 0, 1, NULL, NULL, 0),
	(1250, '네번째 글 제목입니다.', '네 번째 글 본문입니다.', 'admin01', 0, '2018-11-16 09:50:44', 1250, 0, 0, 1, NULL, NULL, 0),
	(1251, '첫 글 제목입니다.', '첫 글 본문입니다.', 'driver01', 0, '2018-11-16 09:50:44', 1251, 0, 0, 1, NULL, NULL, 0),
	(1252, '두번째 글 제목입니다.', '두 번째 글 본문입니다.', 'rider01', 0, '2018-11-16 09:50:44', 1252, 0, 0, 1, NULL, NULL, 0),
	(1253, '세번째 글 제목입니다.', '세 번째 글 본문입니다.', 'user01', 0, '2018-11-16 09:50:44', 1253, 0, 0, 1, NULL, NULL, 0),
	(1254, '네번째 글 제목입니다.', '네 번째 글 본문입니다.', 'admin01', 0, '2018-11-16 09:50:44', 1254, 0, 0, 1, NULL, NULL, 0),
	(1255, '첫 글 제목입니다.', '첫 글 본문입니다.', 'driver01', 0, '2018-11-16 09:50:44', 1255, 0, 0, 1, NULL, NULL, 0),
	(1256, '두번째 글 제목입니다.', '두 번째 글 본문입니다.', 'rider01', 0, '2018-11-16 09:50:44', 1256, 0, 0, 1, NULL, NULL, 0),
	(1257, '세번째 글 제목입니다.', '세 번째 글 본문입니다.', 'user01', 0, '2018-11-16 09:50:44', 1257, 0, 0, 1, NULL, NULL, 0),
	(1258, '네번째 글 제목입니다.', '네 번째 글 본문입니다.', 'admin01', 0, '2018-11-16 09:50:44', 1258, 0, 0, 1, NULL, NULL, 0),
	(1259, '첫 글 제목입니다.', '첫 글 본문입니다.', 'driver01', 0, '2018-11-16 09:50:44', 1259, 0, 0, 1, NULL, NULL, 0),
	(1260, '두번째 글 제목입니다.', '두 번째 글 본문입니다.', 'rider01', 0, '2018-11-16 09:50:44', 1260, 0, 0, 1, NULL, NULL, 0),
	(1261, '세번째 글 제목입니다.', '세 번째 글 본문입니다.', 'user01', 0, '2018-11-16 09:50:44', 1261, 0, 0, 1, NULL, NULL, 0),
	(1262, '네번째 글 제목입니다.', '네 번째 글 본문입니다.', 'admin01', 0, '2018-11-16 09:50:44', 1262, 0, 0, 1, NULL, NULL, 0),
	(1263, '첫 글 제목입니다.', '첫 글 본문입니다.', 'driver01', 0, '2018-11-16 09:50:44', 1263, 0, 0, 1, NULL, NULL, 0),
	(1264, '두번째 글 제목입니다.', '두 번째 글 본문입니다.', 'rider01', 0, '2018-11-16 09:50:44', 1264, 0, 0, 1, NULL, NULL, 0),
	(1265, '세번째 글 제목입니다.', '세 번째 글 본문입니다.', 'user01', 0, '2018-11-16 09:50:44', 1265, 0, 0, 1, NULL, NULL, 0),
	(1266, '네번째 글 제목입니다.', '네 번째 글 본문입니다.', 'admin01', 0, '2018-11-16 09:50:44', 1266, 0, 0, 1, NULL, NULL, 0),
	(1267, '첫 글 제목입니다.', '첫 글 본문입니다.', 'driver01', 0, '2018-11-16 09:50:44', 1267, 0, 0, 1, NULL, NULL, 0),
	(1268, '두번째 글 제목입니다.', '두 번째 글 본문입니다.', 'rider01', 0, '2018-11-16 09:50:44', 1268, 0, 0, 1, NULL, NULL, 0),
	(1269, '세번째 글 제목입니다.', '세 번째 글 본문입니다.', 'user01', 0, '2018-11-16 09:50:44', 1269, 0, 0, 1, NULL, NULL, 0),
	(1270, '네번째 글 제목입니다.', '네 번째 글 본문입니다.', 'admin01', 0, '2018-11-16 09:50:44', 1270, 0, 0, 1, NULL, NULL, 0),
	(1271, '첫 글 제목입니다.', '첫 글 본문입니다.', 'driver01', 0, '2018-11-16 09:50:44', 1271, 0, 0, 1, NULL, NULL, 0),
	(1272, '두번째 글 제목입니다.', '두 번째 글 본문입니다.', 'rider01', 0, '2018-11-16 09:50:44', 1272, 0, 0, 1, NULL, NULL, 0),
	(1273, '세번째 글 제목입니다.', '세 번째 글 본문입니다.', 'user01', 0, '2018-11-16 09:50:44', 1273, 0, 0, 1, NULL, NULL, 0),
	(1274, '네번째 글 제목입니다.', '네 번째 글 본문입니다.', 'admin01', 0, '2018-11-16 09:50:44', 1274, 0, 0, 1, NULL, NULL, 0),
	(1275, '첫 글 제목입니다.', '첫 글 본문입니다.', 'driver01', 0, '2018-11-16 09:50:44', 1275, 0, 0, 1, NULL, NULL, 0),
	(1276, '두번째 글 제목입니다.', '두 번째 글 본문입니다.', 'rider01', 0, '2018-11-16 09:50:44', 1276, 0, 0, 1, NULL, NULL, 0),
	(1277, '세번째 글 제목입니다.', '세 번째 글 본문입니다.', 'user01', 0, '2018-11-16 09:50:44', 1277, 0, 0, 1, NULL, NULL, 0),
	(1278, '네번째 글 제목입니다.', '네 번째 글 본문입니다.', 'admin01', 0, '2018-11-16 09:50:44', 1278, 0, 0, 1, NULL, NULL, 0),
	(1279, '첫 글 제목입니다.', '첫 글 본문입니다.', 'driver01', 0, '2018-11-16 09:50:44', 1279, 0, 0, 1, NULL, NULL, 0),
	(1280, '두번째 글 제목입니다.', '두 번째 글 본문입니다.', 'rider01', 0, '2018-11-16 09:50:44', 1280, 0, 0, 1, NULL, NULL, 0),
	(1281, '세번째 글 제목입니다.', '세 번째 글 본문입니다.', 'user01', 0, '2018-11-16 09:50:44', 1281, 0, 0, 1, NULL, NULL, 0),
	(1282, '네번째 글 제목입니다.', '네 번째 글 본문입니다.', 'admin01', 0, '2018-11-16 09:50:44', 1282, 0, 0, 1, NULL, NULL, 0),
	(1283, '첫 글 제목입니다.', '첫 글 본문입니다.', 'driver01', 0, '2018-11-16 09:50:44', 1283, 0, 0, 1, NULL, NULL, 0),
	(1284, '두번째 글 제목입니다.', '두 번째 글 본문입니다.', 'rider01', 0, '2018-11-16 09:50:44', 1284, 0, 0, 1, NULL, NULL, 0),
	(1285, '세번째 글 제목입니다.', '세 번째 글 본문입니다.', 'user01', 0, '2018-11-16 09:50:44', 1285, 0, 0, 1, NULL, NULL, 0),
	(1286, '네번째 글 제목입니다.', '네 번째 글 본문입니다.', 'admin01', 0, '2018-11-16 09:50:44', 1286, 0, 0, 1, NULL, NULL, 0),
	(1287, '첫 글 제목입니다.', '첫 글 본문입니다.', 'driver01', 0, '2018-11-16 09:50:44', 1287, 0, 0, 1, NULL, NULL, 0),
	(1288, '두번째 글 제목입니다.', '두 번째 글 본문입니다.', 'rider01', 0, '2018-11-16 09:50:44', 1288, 0, 0, 1, NULL, NULL, 0),
	(1289, '세번째 글 제목입니다.', '세 번째 글 본문입니다.', 'user01', 0, '2018-11-16 09:50:44', 1289, 0, 0, 1, NULL, NULL, 0),
	(1290, '네번째 글 제목입니다.', '네 번째 글 본문입니다.', 'admin01', 0, '2018-11-16 09:50:44', 1290, 0, 0, 1, NULL, NULL, 0),
	(1291, '첫 글 제목입니다.', '첫 글 본문입니다.', 'driver01', 0, '2018-11-16 09:50:44', 1291, 0, 0, 1, NULL, NULL, 0),
	(1292, '두번째 글 제목입니다.', '두 번째 글 본문입니다.', 'rider01', 0, '2018-11-16 09:50:44', 1292, 0, 0, 1, NULL, NULL, 0),
	(1293, '세번째 글 제목입니다.', '세 번째 글 본문입니다.', 'user01', 0, '2018-11-16 09:50:44', 1293, 0, 0, 1, NULL, NULL, 0),
	(1294, '네번째 글 제목입니다.', '네 번째 글 본문입니다.', 'admin01', 0, '2018-11-16 09:50:44', 1294, 0, 0, 1, NULL, NULL, 0),
	(1295, '첫 글 제목입니다.', '첫 글 본문입니다.', 'driver01', 0, '2018-11-16 09:50:44', 1295, 0, 0, 1, NULL, NULL, 0),
	(1296, '두번째 글 제목입니다.', '두 번째 글 본문입니다.', 'rider01', 0, '2018-11-16 09:50:44', 1296, 0, 0, 1, NULL, NULL, 0),
	(1297, '세번째 글 제목입니다.', '세 번째 글 본문입니다.', 'user01', 0, '2018-11-16 09:50:44', 1297, 0, 0, 1, NULL, NULL, 0),
	(1298, '네번째 글 제목입니다.', '네 번째 글 본문입니다.', 'admin01', 0, '2018-11-16 09:50:44', 1298, 0, 0, 1, NULL, NULL, 0),
	(1299, '첫 글 제목입니다.', '첫 글 본문입니다.', 'driver01', 0, '2018-11-16 09:50:44', 1299, 0, 0, 1, NULL, NULL, 0),
	(1300, '두번째 글 제목입니다.', '두 번째 글 본문입니다.', 'rider01', 0, '2018-11-16 09:50:44', 1300, 0, 0, 1, NULL, NULL, 0),
	(1301, '세번째 글 제목입니다.', '세 번째 글 본문입니다.', 'user01', 0, '2018-11-16 09:50:44', 1301, 0, 0, 1, NULL, NULL, 0),
	(1302, '네번째 글 제목입니다.', '네 번째 글 본문입니다.', 'admin01', 0, '2018-11-16 09:50:44', 1302, 0, 0, 1, NULL, NULL, 0),
	(1303, '첫 글 제목입니다.', '첫 글 본문입니다.', 'driver01', 0, '2018-11-16 09:50:44', 1303, 0, 0, 1, NULL, NULL, 0),
	(1304, '두번째 글 제목입니다.', '두 번째 글 본문입니다.', 'rider01', 0, '2018-11-16 09:50:44', 1304, 0, 0, 1, NULL, NULL, 0),
	(1305, '세번째 글 제목입니다.', '세 번째 글 본문입니다.', 'user01', 0, '2018-11-16 09:50:44', 1305, 0, 0, 1, NULL, NULL, 0),
	(1306, '네번째 글 제목입니다.', '네 번째 글 본문입니다.', 'admin01', 0, '2018-11-16 09:50:44', 1306, 0, 0, 1, NULL, NULL, 0),
	(1307, '첫 글 제목입니다.', '첫 글 본문입니다.', 'driver01', 0, '2018-11-16 09:50:44', 1307, 0, 0, 1, NULL, NULL, 0),
	(1308, '두번째 글 제목입니다.', '두 번째 글 본문입니다.', 'rider01', 0, '2018-11-16 09:50:44', 1308, 0, 0, 1, NULL, NULL, 0),
	(1309, '세번째 글 제목입니다.', '세 번째 글 본문입니다.', 'user01', 0, '2018-11-16 09:50:44', 1309, 0, 0, 1, NULL, NULL, 0),
	(1310, '네번째 글 제목입니다.', '네 번째 글 본문입니다.', 'admin01', 0, '2018-11-16 09:50:44', 1310, 0, 0, 1, NULL, NULL, 0),
	(1311, '첫 글 제목입니다.', '첫 글 본문입니다.', 'driver01', 0, '2018-11-16 09:50:44', 1311, 0, 0, 1, NULL, NULL, 0),
	(1312, '두번째 글 제목입니다.', '두 번째 글 본문입니다.', 'rider01', 0, '2018-11-16 09:50:44', 1312, 0, 0, 1, NULL, NULL, 0),
	(1313, '세번째 글 제목입니다.', '세 번째 글 본문입니다.', 'user01', 0, '2018-11-16 09:50:44', 1313, 0, 0, 1, NULL, NULL, 0),
	(1314, '네번째 글 제목입니다.', '네 번째 글 본문입니다.', 'admin01', 0, '2018-11-16 09:50:44', 1314, 0, 0, 1, NULL, NULL, 0),
	(1315, '첫 글 제목입니다.', '첫 글 본문입니다.', 'driver01', 0, '2018-11-16 09:50:44', 1315, 0, 0, 1, NULL, NULL, 0),
	(1316, '두번째 글 제목입니다.', '두 번째 글 본문입니다.', 'rider01', 0, '2018-11-16 09:50:44', 1316, 0, 0, 1, NULL, NULL, 0),
	(1317, '세번째 글 제목입니다.', '세 번째 글 본문입니다.', 'user01', 0, '2018-11-16 09:50:44', 1317, 0, 0, 1, NULL, NULL, 0),
	(1318, '네번째 글 제목입니다.', '네 번째 글 본문입니다.', 'admin01', 0, '2018-11-16 09:50:44', 1318, 0, 0, 1, NULL, NULL, 0),
	(1319, '첫 글 제목입니다.', '첫 글 본문입니다.', 'driver01', 0, '2018-11-16 09:50:44', 1319, 0, 0, 1, NULL, NULL, 0),
	(1320, '두번째 글 제목입니다.', '두 번째 글 본문입니다.', 'rider01', 0, '2018-11-16 09:50:44', 1320, 0, 0, 1, NULL, NULL, 0),
	(1321, '세번째 글 제목입니다.', '세 번째 글 본문입니다.', 'user01', 0, '2018-11-16 09:50:44', 1321, 0, 0, 1, NULL, NULL, 0),
	(1322, '네번째 글 제목입니다.', '네 번째 글 본문입니다.', 'admin01', 0, '2018-11-16 09:50:44', 1322, 0, 0, 1, NULL, NULL, 0),
	(1323, '첫 글 제목입니다.', '첫 글 본문입니다.', 'driver01', 0, '2018-11-16 09:50:44', 1323, 0, 0, 1, NULL, NULL, 0),
	(1324, '두번째 글 제목입니다.', '두 번째 글 본문입니다.', 'rider01', 0, '2018-11-16 09:50:44', 1324, 0, 0, 1, NULL, NULL, 0),
	(1325, '세번째 글 제목입니다.', '세 번째 글 본문입니다.', 'user01', 0, '2018-11-16 09:50:44', 1325, 0, 0, 1, NULL, NULL, 0),
	(1326, '네번째 글 제목입니다.', '네 번째 글 본문입니다.', 'admin01', 0, '2018-11-16 09:50:44', 1326, 0, 0, 1, NULL, NULL, 0),
	(1327, '첫 글 제목입니다.', '첫 글 본문입니다.', 'driver01', 0, '2018-11-16 09:50:44', 1327, 0, 0, 1, NULL, NULL, 0),
	(1328, '두번째 글 제목입니다.', '두 번째 글 본문입니다.', 'rider01', 0, '2018-11-16 09:50:44', 1328, 0, 0, 1, NULL, NULL, 0),
	(1329, '세번째 글 제목입니다.', '세 번째 글 본문입니다.', 'user01', 0, '2018-11-16 09:50:44', 1329, 0, 0, 1, NULL, NULL, 0),
	(1330, '네번째 글 제목입니다.', '네 번째 글 본문입니다.', 'admin01', 0, '2018-11-16 09:50:44', 1330, 0, 0, 1, NULL, NULL, 0),
	(1331, '첫 글 제목입니다.', '첫 글 본문입니다.', 'driver01', 0, '2018-11-16 09:50:44', 1331, 0, 0, 1, NULL, NULL, 0),
	(1332, '두번째 글 제목입니다.', '두 번째 글 본문입니다.', 'rider01', 0, '2018-11-16 09:50:44', 1332, 0, 0, 1, NULL, NULL, 0),
	(1333, '세번째 글 제목입니다.', '세 번째 글 본문입니다.', 'user01', 0, '2018-11-16 09:50:44', 1333, 0, 0, 1, NULL, NULL, 0),
	(1334, '네번째 글 제목입니다.', '네 번째 글 본문입니다.', 'admin01', 0, '2018-11-16 09:50:44', 1334, 0, 0, 1, NULL, NULL, 0),
	(1335, '첫 글 제목입니다.', '첫 글 본문입니다.', 'driver01', 0, '2018-11-16 09:50:44', 1335, 0, 0, 1, NULL, NULL, 0),
	(1336, '두번째 글 제목입니다.', '두 번째 글 본문입니다.', 'rider01', 0, '2018-11-16 09:50:44', 1336, 0, 0, 1, NULL, NULL, 0),
	(1337, '세번째 글 제목입니다.', '세 번째 글 본문입니다.', 'user01', 0, '2018-11-16 09:50:44', 1337, 0, 0, 1, NULL, NULL, 0),
	(1338, '네번째 글 제목입니다.', '네 번째 글 본문입니다.', 'admin01', 0, '2018-11-16 09:50:44', 1338, 0, 0, 1, NULL, NULL, 0),
	(1339, '첫 글 제목입니다.', '첫 글 본문입니다.', 'driver01', 0, '2018-11-16 09:50:44', 1339, 0, 0, 1, NULL, NULL, 0),
	(1340, '두번째 글 제목입니다.', '두 번째 글 본문입니다.', 'rider01', 0, '2018-11-16 09:50:44', 1340, 0, 0, 1, NULL, NULL, 0),
	(1341, '세번째 글 제목입니다.', '세 번째 글 본문입니다.', 'user01', 0, '2018-11-16 09:50:44', 1341, 0, 0, 1, NULL, NULL, 0),
	(1342, '네번째 글 제목입니다.', '네 번째 글 본문입니다.', 'admin01', 0, '2018-11-16 09:50:44', 1342, 0, 0, 1, NULL, NULL, 0),
	(1343, '첫 글 제목입니다.', '첫 글 본문입니다.', 'driver01', 0, '2018-11-16 09:50:44', 1343, 0, 0, 1, NULL, NULL, 0),
	(1344, '두번째 글 제목입니다.', '두 번째 글 본문입니다.', 'rider01', 0, '2018-11-16 09:50:44', 1344, 0, 0, 1, NULL, NULL, 0),
	(1345, '세번째 글 제목입니다.', '세 번째 글 본문입니다.', 'user01', 0, '2018-11-16 09:50:44', 1345, 0, 0, 1, NULL, NULL, 0),
	(1346, '네번째 글 제목입니다.', '네 번째 글 본문입니다.', 'admin01', 0, '2018-11-16 09:50:44', 1346, 0, 0, 1, NULL, NULL, 0),
	(1347, '첫 글 제목입니다.', '첫 글 본문입니다.', 'driver01', 0, '2018-11-16 09:50:44', 1347, 0, 0, 1, NULL, NULL, 0),
	(1348, '두번째 글 제목입니다.', '두 번째 글 본문입니다.', 'rider01', 0, '2018-11-16 09:50:44', 1348, 0, 0, 1, NULL, NULL, 0),
	(1349, '세번째 글 제목입니다.', '세 번째 글 본문입니다.', 'user01', 0, '2018-11-16 09:50:44', 1349, 0, 0, 1, NULL, NULL, 0),
	(1350, '네번째 글 제목입니다.', '네 번째 글 본문입니다.', 'admin01', 0, '2018-11-16 09:50:44', 1350, 0, 0, 1, NULL, NULL, 0),
	(1351, '첫 글 제목입니다.', '첫 글 본문입니다.', 'driver01', 0, '2018-11-16 09:50:44', 1351, 0, 0, 1, NULL, NULL, 0),
	(1352, '두번째 글 제목입니다.', '두 번째 글 본문입니다.', 'rider01', 0, '2018-11-16 09:50:44', 1352, 0, 0, 1, NULL, NULL, 0),
	(1353, '세번째 글 제목입니다.', '세 번째 글 본문입니다.', 'user01', 0, '2018-11-16 09:50:44', 1353, 0, 0, 1, NULL, NULL, 0),
	(1354, '네번째 글 제목입니다.', '네 번째 글 본문입니다.', 'admin01', 0, '2018-11-16 09:50:44', 1354, 0, 0, 1, NULL, NULL, 0),
	(1355, '첫 글 제목입니다.', '첫 글 본문입니다.', 'driver01', 0, '2018-11-16 09:50:44', 1355, 0, 0, 1, NULL, NULL, 0),
	(1356, '두번째 글 제목입니다.', '두 번째 글 본문입니다.', 'rider01', 0, '2018-11-16 09:50:44', 1356, 0, 0, 1, NULL, NULL, 0),
	(1357, '세번째 글 제목입니다.', '세 번째 글 본문입니다.', 'user01', 0, '2018-11-16 09:50:44', 1357, 0, 0, 1, NULL, NULL, 0),
	(1358, '네번째 글 제목입니다.', '네 번째 글 본문입니다.', 'admin01', 0, '2018-11-16 09:50:44', 1358, 0, 0, 1, NULL, NULL, 0),
	(1359, '첫 글 제목입니다.', '첫 글 본문입니다.', 'driver01', 0, '2018-11-16 09:50:44', 1359, 0, 0, 1, NULL, NULL, 0),
	(1360, '두번째 글 제목입니다.', '두 번째 글 본문입니다.', 'rider01', 0, '2018-11-16 09:50:44', 1360, 0, 0, 1, NULL, NULL, 0),
	(1361, '세번째 글 제목입니다.', '세 번째 글 본문입니다.', 'user01', 0, '2018-11-16 09:50:44', 1361, 0, 0, 1, NULL, NULL, 0),
	(1362, '네번째 글 제목입니다.', '네 번째 글 본문입니다.', 'admin01', 0, '2018-11-16 09:50:44', 1362, 0, 0, 1, NULL, NULL, 0),
	(1363, '첫 글 제목입니다.', '첫 글 본문입니다.', 'driver01', 0, '2018-11-16 09:50:44', 1363, 0, 0, 1, NULL, NULL, 0),
	(1364, '두번째 글 제목입니다.', '두 번째 글 본문입니다.', 'rider01', 0, '2018-11-16 09:50:44', 1364, 0, 0, 1, NULL, NULL, 0),
	(1365, '세번째 글 제목입니다.', '세 번째 글 본문입니다.', 'user01', 0, '2018-11-16 09:50:44', 1365, 0, 0, 1, NULL, NULL, 0),
	(1366, '네번째 글 제목입니다.', '네 번째 글 본문입니다.', 'admin01', 0, '2018-11-16 09:50:44', 1366, 0, 0, 1, NULL, NULL, 0),
	(1367, '첫 글 제목입니다.', '첫 글 본문입니다.', 'driver01', 0, '2018-11-16 09:50:44', 1367, 0, 0, 1, NULL, NULL, 0),
	(1368, '두번째 글 제목입니다.', '두 번째 글 본문입니다.', 'rider01', 0, '2018-11-16 09:50:44', 1368, 0, 0, 1, NULL, NULL, 0),
	(1369, '세번째 글 제목입니다.', '세 번째 글 본문입니다.', 'user01', 0, '2018-11-16 09:50:44', 1369, 0, 0, 1, NULL, NULL, 0),
	(1370, '네번째 글 제목입니다.', '네 번째 글 본문입니다.', 'admin01', 0, '2018-11-16 09:50:44', 1370, 0, 0, 1, NULL, NULL, 0),
	(1371, '첫 글 제목입니다.', '첫 글 본문입니다.', 'driver01', 0, '2018-11-16 09:50:44', 1371, 0, 0, 1, NULL, NULL, 0),
	(1372, '두번째 글 제목입니다.', '두 번째 글 본문입니다.', 'rider01', 0, '2018-11-16 09:50:44', 1372, 0, 0, 1, NULL, NULL, 0),
	(1373, '세번째 글 제목입니다.', '세 번째 글 본문입니다.', 'user01', 0, '2018-11-16 09:50:44', 1373, 0, 0, 1, NULL, NULL, 0),
	(1374, '네번째 글 제목입니다.', '네 번째 글 본문입니다.', 'admin01', 0, '2018-11-16 09:50:44', 1374, 0, 0, 1, NULL, NULL, 0),
	(1375, '첫 글 제목입니다.', '첫 글 본문입니다.', 'driver01', 0, '2018-11-16 09:50:44', 1375, 0, 0, 1, NULL, NULL, 0),
	(1376, '두번째 글 제목입니다.', '두 번째 글 본문입니다.', 'rider01', 0, '2018-11-16 09:50:44', 1376, 0, 0, 1, NULL, NULL, 0),
	(1377, '세번째 글 제목입니다.', '세 번째 글 본문입니다.', 'user01', 0, '2018-11-16 09:50:44', 1377, 0, 0, 1, NULL, NULL, 0),
	(1378, '네번째 글 제목입니다.', '네 번째 글 본문입니다.', 'admin01', 0, '2018-11-16 09:50:44', 1378, 0, 0, 1, NULL, NULL, 0),
	(1379, '첫 글 제목입니다.', '첫 글 본문입니다.', 'driver01', 0, '2018-11-16 09:50:44', 1379, 0, 0, 1, NULL, NULL, 0),
	(1380, '두번째 글 제목입니다.', '두 번째 글 본문입니다.', 'rider01', 0, '2018-11-16 09:50:44', 1380, 0, 0, 1, NULL, NULL, 0),
	(1381, '세번째 글 제목입니다.', '세 번째 글 본문입니다.', 'user01', 0, '2018-11-16 09:50:44', 1381, 0, 0, 1, NULL, NULL, 0),
	(1382, '네번째 글 제목입니다.', '네 번째 글 본문입니다.', 'admin01', 0, '2018-11-16 09:50:44', 1382, 0, 0, 1, NULL, NULL, 0),
	(1383, '첫 글 제목입니다.', '첫 글 본문입니다.', 'driver01', 0, '2018-11-16 09:50:44', 1383, 0, 0, 1, NULL, NULL, 0),
	(1384, '두번째 글 제목입니다.', '두 번째 글 본문입니다.', 'rider01', 0, '2018-11-16 09:50:44', 1384, 0, 0, 1, NULL, NULL, 0),
	(1385, '세번째 글 제목입니다.', '세 번째 글 본문입니다.', 'user01', 0, '2018-11-16 09:50:44', 1385, 0, 0, 1, NULL, NULL, 0),
	(1386, '네번째 글 제목입니다.', '네 번째 글 본문입니다.', 'admin01', 0, '2018-11-16 09:50:44', 1386, 0, 0, 1, NULL, NULL, 0),
	(1387, '첫 글 제목입니다.', '첫 글 본문입니다.', 'driver01', 0, '2018-11-16 09:50:44', 1387, 0, 0, 1, NULL, NULL, 0),
	(1388, '두번째 글 제목입니다.', '두 번째 글 본문입니다.', 'rider01', 0, '2018-11-16 09:50:44', 1388, 0, 0, 1, NULL, NULL, 0),
	(1389, '세번째 글 제목입니다.', '세 번째 글 본문입니다.', 'user01', 0, '2018-11-16 09:50:44', 1389, 0, 0, 1, NULL, NULL, 0),
	(1390, '네번째 글 제목입니다.', '네 번째 글 본문입니다.', 'admin01', 0, '2018-11-16 09:50:44', 1390, 0, 0, 1, NULL, NULL, 0),
	(1391, '첫 글 제목입니다.', '첫 글 본문입니다.', 'driver01', 0, '2018-11-16 09:50:44', 1391, 0, 0, 1, NULL, NULL, 0),
	(1392, '두번째 글 제목입니다.', '두 번째 글 본문입니다.', 'rider01', 0, '2018-11-16 09:50:44', 1392, 0, 0, 1, NULL, NULL, 0),
	(1393, '세번째 글 제목입니다.', '세 번째 글 본문입니다.', 'user01', 0, '2018-11-16 09:50:44', 1393, 0, 0, 1, NULL, NULL, 0),
	(1394, '네번째 글 제목입니다.', '네 번째 글 본문입니다.', 'admin01', 0, '2018-11-16 09:50:44', 1394, 0, 0, 1, NULL, NULL, 0),
	(1395, '첫 글 제목입니다.', '첫 글 본문입니다.', 'driver01', 0, '2018-11-16 09:50:44', 1395, 0, 0, 1, NULL, NULL, 0),
	(1396, '두번째 글 제목입니다.', '두 번째 글 본문입니다.', 'rider01', 0, '2018-11-16 09:50:44', 1396, 0, 0, 1, NULL, NULL, 0),
	(1397, '세번째 글 제목입니다.', '세 번째 글 본문입니다.', 'user01', 0, '2018-11-16 09:50:44', 1397, 0, 0, 1, NULL, NULL, 0),
	(1398, '네번째 글 제목입니다.', '네 번째 글 본문입니다.', 'admin01', 0, '2018-11-16 09:50:44', 1398, 0, 0, 1, NULL, NULL, 0),
	(1399, '첫 글 제목입니다.', '첫 글 본문입니다.', 'driver01', 0, '2018-11-16 09:50:44', 1399, 0, 0, 1, NULL, NULL, 0),
	(1400, '두번째 글 제목입니다.', '두 번째 글 본문입니다.', 'rider01', 0, '2018-11-16 09:50:44', 1400, 0, 0, 1, NULL, NULL, 0),
	(1401, '세번째 글 제목입니다.', '세 번째 글 본문입니다.', 'user01', 0, '2018-11-16 09:50:44', 1401, 0, 0, 1, NULL, NULL, 0),
	(1402, '네번째 글 제목입니다.', '네 번째 글 본문입니다.', 'admin01', 0, '2018-11-16 09:50:44', 1402, 0, 0, 1, NULL, NULL, 0),
	(1403, '첫 글 제목입니다.', '첫 글 본문입니다.', 'driver01', 0, '2018-11-16 09:50:44', 1403, 0, 0, 1, NULL, NULL, 0),
	(1404, '두번째 글 제목입니다.', '두 번째 글 본문입니다.', 'rider01', 0, '2018-11-16 09:50:44', 1404, 0, 0, 1, NULL, NULL, 0),
	(1405, '세번째 글 제목입니다.', '세 번째 글 본문입니다.', 'user01', 0, '2018-11-16 09:50:44', 1405, 0, 0, 1, NULL, NULL, 0),
	(1406, '네번째 글 제목입니다.', '네 번째 글 본문입니다.', 'admin01', 0, '2018-11-16 09:50:44', 1406, 0, 0, 1, NULL, NULL, 0),
	(1407, '첫 글 제목입니다.', '첫 글 본문입니다.', 'driver01', 0, '2018-11-16 09:50:44', 1407, 0, 0, 1, NULL, NULL, 0),
	(1408, '두번째 글 제목입니다.', '두 번째 글 본문입니다.', 'rider01', 0, '2018-11-16 09:50:44', 1408, 0, 0, 1, NULL, NULL, 0),
	(1409, '세번째 글 제목입니다.', '세 번째 글 본문입니다.', 'user01', 0, '2018-11-16 09:50:44', 1409, 0, 0, 1, NULL, NULL, 0),
	(1410, '네번째 글 제목입니다.', '네 번째 글 본문입니다.', 'admin01', 0, '2018-11-16 09:50:44', 1410, 0, 0, 1, NULL, NULL, 0),
	(1411, '첫 글 제목입니다.', '첫 글 본문입니다.', 'driver01', 0, '2018-11-16 09:50:44', 1411, 0, 0, 1, NULL, NULL, 0),
	(1412, '두번째 글 제목입니다.', '두 번째 글 본문입니다.', 'rider01', 0, '2018-11-16 09:50:44', 1412, 0, 0, 1, NULL, NULL, 0),
	(1413, '세번째 글 제목입니다.', '세 번째 글 본문입니다.', 'user01', 0, '2018-11-16 09:50:44', 1413, 0, 0, 1, NULL, NULL, 0),
	(1414, '네번째 글 제목입니다.', '네 번째 글 본문입니다.', 'admin01', 1, '2018-11-16 09:50:44', 1414, 0, 0, 1, NULL, NULL, 0),
	(1415, '첫 글 제목입니다.', '첫 글 본문입니다.', 'driver01', 1, '2018-11-16 09:50:44', 1415, 0, 0, 1, NULL, NULL, 0),
	(1416, '두번째 글 제목입니다.', '두 번째 글 본문입니다.', 'rider01', 0, '2018-11-16 09:50:44', 1416, 0, 0, 1, NULL, NULL, 0),
	(1417, '세번째 글 제목입니다.', '세 번째 글 본문입니다.', 'user01', 1, '2018-11-16 09:50:44', 1417, 0, 0, 1, NULL, NULL, 0),
	(1418, '네번째 글 제목입니다.', '네 번째 글 본문입니다.', 'admin01', 1, '2018-11-16 09:50:44', 1418, 0, 0, 1, NULL, NULL, 0),
	(1419, '첫 글 제목입니다.', '첫 글 본문입니다.', 'driver01', 0, '2018-11-16 09:50:44', 1419, 0, 0, 1, NULL, NULL, 0),
	(1420, '두번째 글 제목입니다.', '두 번째 글 본문입니다.', 'rider01', 1, '2018-11-16 09:50:44', 1420, 0, 0, 1, NULL, NULL, 0),
	(1421, '세번째 글 제목입니다.', '세 번째 글 본문입니다.', 'user01', 0, '2018-11-16 09:50:44', 1421, 0, 0, 1, NULL, NULL, 0),
	(1422, '네번째 글 제목입니다.', '네 번째 글 본문입니다.', 'admin01', 16, '2018-11-16 09:50:44', 1422, 0, 0, 1, NULL, NULL, 0),
	(1423, '첫 글 제목입니다.', '첫 글 본문입니다.', 'driver01', 0, '2018-11-16 09:50:44', 1423, 0, 0, 1, NULL, NULL, 0),
	(1424, '두번째 글 제목입니다.', '두 번째 글 본문입니다.', 'rider01', 0, '2018-11-16 09:50:44', 1424, 0, 0, 1, NULL, NULL, 0),
	(1425, '세번째 글 제목입니다.', '세 번째 글 본문입니다.', 'user01', 0, '2018-11-16 09:50:44', 1425, 0, 0, 1, NULL, NULL, 0),
	(1426, '네번째 글 제목입니다.', '네 번째 글 본문입니다.', 'admin01', 0, '2018-11-16 09:50:44', 1426, 0, 0, 1, NULL, NULL, 0),
	(1427, '첫 글 제목입니다.', '첫 글 본문입니다.', 'driver01', 0, '2018-11-16 09:50:44', 1427, 0, 0, 1, NULL, NULL, 0),
	(1428, '두번째 글 제목입니다.', '두 번째 글 본문입니다.', 'rider01', 0, '2018-11-16 09:50:44', 1428, 0, 0, 1, NULL, NULL, 0),
	(1429, '세번째 글 제목입니다.', '세 번째 글 본문입니다.', 'user01', 0, '2018-11-16 09:50:44', 1429, 0, 0, 1, NULL, NULL, 0),
	(1430, '네번째 글 제목입니다.', '네 번째 글 본문입니다.', 'admin01', 0, '2018-11-16 09:50:44', 1430, 0, 0, 1, NULL, NULL, 0),
	(1431, '첫 글 제목입니다.', '첫 글 본문입니다.', 'driver01', 0, '2018-11-16 09:50:44', 1431, 0, 0, 1, NULL, NULL, 0),
	(1432, '두번째 글 제목입니다.', '두 번째 글 본문입니다.', 'rider01', 0, '2018-11-16 09:50:44', 1432, 0, 0, 1, NULL, NULL, 0),
	(1433, '세번째 글 제목입니다.', '세 번째 글 본문입니다.', 'user01', 0, '2018-11-16 09:50:44', 1433, 0, 0, 1, NULL, NULL, 0),
	(1434, '네번째 글 제목입니다.', '네 번째 글 본문입니다.', 'admin01', 0, '2018-11-16 09:50:44', 1434, 0, 0, 1, NULL, NULL, 0),
	(1435, '첫 글 제목입니다.', '첫 글 본문입니다.', 'driver01', 0, '2018-11-16 09:50:44', 1435, 0, 0, 1, NULL, NULL, 0),
	(1436, '두번째 글 제목입니다.', '두 번째 글 본문입니다.', 'rider01', 0, '2018-11-16 09:50:44', 1436, 0, 0, 1, NULL, NULL, 0),
	(1437, '세번째 글 제목입니다.', '세 번째 글 본문입니다.', 'user01', 0, '2018-11-16 09:50:44', 1437, 0, 0, 1, NULL, NULL, 0),
	(1438, '네번째 글 제목입니다.', '네 번째 글 본문입니다.', 'admin01', 0, '2018-11-16 09:50:44', 1438, 0, 0, 1, NULL, NULL, 0),
	(1439, '첫 글 제목입니다.', '첫 글 본문입니다.', 'driver01', 0, '2018-11-16 09:50:44', 1439, 0, 0, 1, NULL, NULL, 0),
	(1440, '두번째 글 제목입니다.', '두 번째 글 본문입니다.', 'rider01', 0, '2018-11-16 09:50:44', 1440, 0, 0, 1, NULL, NULL, 0),
	(1441, '세번째 글 제목입니다.', '세 번째 글 본문입니다.', 'user01', 0, '2018-11-16 09:50:44', 1441, 0, 0, 1, NULL, NULL, 0),
	(1442, '네번째 글 제목입니다.', '네 번째 글 본문입니다.', 'admin01', 0, '2018-11-16 09:50:44', 1442, 0, 0, 1, NULL, NULL, 0),
	(1443, '첫 글 제목입니다.', '첫 글 본문입니다.', 'driver01', 0, '2018-11-16 09:50:44', 1443, 0, 0, 1, NULL, NULL, 0),
	(1444, '두번째 글 제목입니다.', '두 번째 글 본문입니다.', 'rider01', 0, '2018-11-16 09:50:44', 1444, 0, 0, 1, NULL, NULL, 0),
	(1445, '세번째 글 제목입니다.', '세 번째 글 본문입니다.', 'user01', 0, '2018-11-16 09:50:44', 1445, 0, 0, 1, NULL, NULL, 0),
	(1446, '네번째 글 제목입니다.', '네 번째 글 본문입니다.', 'admin01', 0, '2018-11-16 09:50:44', 1446, 0, 0, 1, NULL, NULL, 0),
	(1447, '첫 글 제목입니다.', '첫 글 본문입니다.', 'driver01', 0, '2018-11-16 09:50:44', 1447, 0, 0, 1, NULL, NULL, 0),
	(1448, '두번째 글 제목입니다.', '두 번째 글 본문입니다.', 'rider01', 0, '2018-11-16 09:50:44', 1448, 0, 0, 1, NULL, NULL, 0),
	(1449, '세번째 글 제목입니다.', '세 번째 글 본문입니다.', 'user01', 0, '2018-11-16 09:50:44', 1449, 0, 0, 1, NULL, NULL, 0),
	(1450, '네번째 글 제목입니다.', '네 번째 글 본문입니다.', 'admin01', 0, '2018-11-16 09:50:44', 1450, 0, 0, 1, NULL, NULL, 0),
	(1451, '첫 글 제목입니다.', '첫 글 본문입니다.', 'driver01', 0, '2018-11-16 09:50:44', 1451, 0, 0, 1, NULL, NULL, 0),
	(1452, '두번째 글 제목입니다.', '두 번째 글 본문입니다.', 'rider01', 0, '2018-11-16 09:50:44', 1452, 0, 0, 1, NULL, NULL, 0),
	(1453, '세번째 글 제목입니다.', '세 번째 글 본문입니다.', 'user01', 0, '2018-11-16 09:50:44', 1453, 0, 0, 1, NULL, NULL, 0),
	(1454, '네번째 글 제목입니다.', '네 번째 글 본문입니다.', 'admin01', 0, '2018-11-16 09:50:44', 1454, 0, 0, 1, NULL, NULL, 0),
	(1455, '첫 글 제목입니다.', '첫 글 본문입니다.', 'driver01', 0, '2018-11-16 09:50:44', 1455, 0, 0, 1, NULL, NULL, 0),
	(1456, '두번째 글 제목입니다.', '두 번째 글 본문입니다.', 'rider01', 0, '2018-11-16 09:50:44', 1456, 0, 0, 1, NULL, NULL, 0),
	(1457, '세번째 글 제목입니다.', '세 번째 글 본문입니다.', 'user01', 0, '2018-11-16 09:50:44', 1457, 0, 0, 1, NULL, NULL, 0),
	(1458, '네번째 글 제목입니다.', '네 번째 글 본문입니다.', 'admin01', 0, '2018-11-16 09:50:44', 1458, 0, 0, 1, NULL, NULL, 0),
	(1459, '첫 글 제목입니다.', '첫 글 본문입니다.', 'driver01', 0, '2018-11-16 09:50:44', 1459, 0, 0, 1, NULL, NULL, 0),
	(1460, '두번째 글 제목입니다.', '두 번째 글 본문입니다.', 'rider01', 0, '2018-11-16 09:50:44', 1460, 0, 0, 1, NULL, NULL, 0),
	(1461, '세번째 글 제목입니다.', '세 번째 글 본문입니다.', 'user01', 0, '2018-11-16 09:50:44', 1461, 0, 0, 1, NULL, NULL, 0),
	(1462, '네번째 글 제목입니다.', '네 번째 글 본문입니다.', 'admin01', 0, '2018-11-16 09:50:44', 1462, 0, 0, 1, NULL, NULL, 0),
	(1463, '첫 글 제목입니다.', '첫 글 본문입니다.', 'driver01', 0, '2018-11-16 09:50:44', 1463, 0, 0, 1, NULL, NULL, 0),
	(1464, '두번째 글 제목입니다.', '두 번째 글 본문입니다.', 'rider01', 0, '2018-11-16 09:50:44', 1464, 0, 0, 1, NULL, NULL, 0),
	(1465, '세번째 글 제목입니다.', '세 번째 글 본문입니다.', 'user01', 0, '2018-11-16 09:50:44', 1465, 0, 0, 1, NULL, NULL, 0),
	(1466, '네번째 글 제목입니다.', '네 번째 글 본문입니다.', 'admin01', 0, '2018-11-16 09:50:44', 1466, 0, 0, 1, NULL, NULL, 0),
	(1467, '첫 글 제목입니다.', '첫 글 본문입니다.', 'driver01', 0, '2018-11-16 09:50:44', 1467, 0, 0, 1, NULL, NULL, 0),
	(1468, '두번째 글 제목입니다.', '두 번째 글 본문입니다.', 'rider01', 0, '2018-11-16 09:50:44', 1468, 0, 0, 1, NULL, NULL, 0),
	(1469, '세번째 글 제목입니다.', '세 번째 글 본문입니다.', 'user01', 0, '2018-11-16 09:50:44', 1469, 0, 0, 1, NULL, NULL, 0),
	(1470, '네번째 글 제목입니다.', '네 번째 글 본문입니다.', 'admin01', 0, '2018-11-16 09:50:44', 1470, 0, 0, 1, NULL, NULL, 0),
	(1471, '첫 글 제목입니다.', '첫 글 본문입니다.', 'driver01', 0, '2018-11-16 09:50:44', 1471, 0, 0, 1, NULL, NULL, 0),
	(1472, '두번째 글 제목입니다.', '두 번째 글 본문입니다.', 'rider01', 0, '2018-11-16 09:50:44', 1472, 0, 0, 1, NULL, NULL, 0),
	(1473, '세번째 글 제목입니다.', '세 번째 글 본문입니다.', 'user01', 0, '2018-11-16 09:50:44', 1473, 0, 0, 1, NULL, NULL, 0),
	(1474, '네번째 글 제목입니다.', '네 번째 글 본문입니다.', 'admin01', 0, '2018-11-16 09:50:44', 1474, 0, 0, 1, NULL, NULL, 0),
	(1475, '첫 글 제목입니다.', '첫 글 본문입니다.', 'driver01', 0, '2018-11-16 09:50:44', 1475, 0, 0, 1, NULL, NULL, 0),
	(1476, '두번째 글 제목입니다.', '두 번째 글 본문입니다.', 'rider01', 0, '2018-11-16 09:50:44', 1476, 0, 0, 1, NULL, NULL, 0),
	(1477, '세번째 글 제목입니다.', '세 번째 글 본문입니다.', 'user01', 0, '2018-11-16 09:50:44', 1477, 0, 0, 1, NULL, NULL, 0),
	(1478, '네번째 글 제목입니다.', '네 번째 글 본문입니다.', 'admin01', 0, '2018-11-16 09:50:44', 1478, 0, 0, 1, NULL, NULL, 0),
	(1479, '첫 글 제목입니다.', '첫 글 본문입니다.', 'driver01', 0, '2018-11-16 09:50:44', 1479, 0, 0, 1, NULL, NULL, 0),
	(1480, '두번째 글 제목입니다.', '두 번째 글 본문입니다.', 'rider01', 0, '2018-11-16 09:50:44', 1480, 0, 0, 1, NULL, NULL, 0),
	(1481, '세번째 글 제목입니다.', '세 번째 글 본문입니다.', 'user01', 0, '2018-11-16 09:50:44', 1481, 0, 0, 1, NULL, NULL, 0),
	(1482, '네번째 글 제목입니다.', '네 번째 글 본문입니다.', 'admin01', 0, '2018-11-16 09:50:44', 1482, 0, 0, 1, NULL, NULL, 0),
	(1483, '첫 글 제목입니다.', '첫 글 본문입니다.', 'driver01', 0, '2018-11-16 09:50:44', 1483, 0, 0, 1, NULL, NULL, 0),
	(1484, '두번째 글 제목입니다.', '두 번째 글 본문입니다.', 'rider01', 0, '2018-11-16 09:50:44', 1484, 0, 0, 1, NULL, NULL, 0),
	(1485, '세번째 글 제목입니다.', '세 번째 글 본문입니다.', 'user01', 0, '2018-11-16 09:50:44', 1485, 0, 0, 1, NULL, NULL, 0),
	(1486, '네번째 글 제목입니다.', '네 번째 글 본문입니다.', 'admin01', 0, '2018-11-16 09:50:44', 1486, 0, 0, 1, NULL, NULL, 0),
	(1487, '첫 글 제목입니다.', '첫 글 본문입니다.', 'driver01', 0, '2018-11-16 09:50:44', 1487, 0, 0, 1, NULL, NULL, 0),
	(1488, '두번째 글 제목입니다.', '두 번째 글 본문입니다.', 'rider01', 0, '2018-11-16 09:50:44', 1488, 0, 0, 1, NULL, NULL, 0),
	(1489, '세번째 글 제목입니다.', '세 번째 글 본문입니다.', 'user01', 0, '2018-11-16 09:50:44', 1489, 0, 0, 1, NULL, NULL, 0),
	(1490, '네번째 글 제목입니다.', '네 번째 글 본문입니다.', 'admin01', 0, '2018-11-16 09:50:44', 1490, 0, 0, 1, NULL, NULL, 0),
	(1491, '첫 글 제목입니다.', '첫 글 본문입니다.', 'driver01', 0, '2018-11-16 09:50:44', 1491, 0, 0, 1, NULL, NULL, 0),
	(1492, '두번째 글 제목입니다.', '두 번째 글 본문입니다.', 'rider01', 0, '2018-11-16 09:50:44', 1492, 0, 0, 1, NULL, NULL, 0),
	(1493, '세번째 글 제목입니다.', '세 번째 글 본문입니다.', 'user01', 0, '2018-11-16 09:50:44', 1493, 0, 0, 1, NULL, NULL, 0),
	(1494, '네번째 글 제목입니다.', '네 번째 글 본문입니다.', 'admin01', 0, '2018-11-16 09:50:44', 1494, 0, 0, 1, NULL, NULL, 0),
	(1495, '첫 글 제목입니다.', '첫 글 본문입니다.', 'driver01', 0, '2018-11-16 09:50:44', 1495, 0, 0, 1, NULL, NULL, 0),
	(1496, '두번째 글 제목입니다.', '두 번째 글 본문입니다.', 'rider01', 0, '2018-11-16 09:50:44', 1496, 0, 0, 1, NULL, NULL, 0),
	(1497, '세번째 글 제목입니다.', '세 번째 글 본문입니다.', 'user01', 0, '2018-11-16 09:50:44', 1497, 0, 0, 1, NULL, NULL, 0),
	(1498, '네번째 글 제목입니다.', '네 번째 글 본문입니다.', 'admin01', 0, '2018-11-16 09:50:44', 1498, 0, 0, 1, NULL, NULL, 0),
	(1499, '첫 글 제목입니다.', '첫 글 본문입니다.', 'driver01', 0, '2018-11-16 09:50:44', 1499, 0, 0, 1, NULL, NULL, 0),
	(1500, '두번째 글 제목입니다.', '두 번째 글 본문입니다.', 'rider01', 0, '2018-11-16 09:50:44', 1500, 0, 0, 1, NULL, NULL, 0),
	(1501, '세번째 글 제목입니다.', '세 번째 글 본문입니다.', 'user01', 0, '2018-11-16 09:50:44', 1501, 0, 0, 1, NULL, NULL, 0),
	(1502, '네번째 글 제목입니다.', '네 번째 글 본문입니다.', 'admin01', 0, '2018-11-16 09:50:44', 1502, 0, 0, 1, NULL, NULL, 0),
	(1503, '첫 글 제목입니다.', '첫 글 본문입니다.', 'driver01', 0, '2018-11-16 09:50:44', 1503, 0, 0, 1, NULL, NULL, 0),
	(1504, '두번째 글 제목입니다.', '두 번째 글 본문입니다.', 'rider01', 0, '2018-11-16 09:50:44', 1504, 0, 0, 1, NULL, NULL, 0),
	(1505, '세번째 글 제목입니다.', '세 번째 글 본문입니다.', 'user01', 0, '2018-11-16 09:50:44', 1505, 0, 0, 1, NULL, NULL, 0),
	(1506, '네번째 글 제목입니다.', '네 번째 글 본문입니다.', 'admin01', 0, '2018-11-16 09:50:44', 1506, 0, 0, 1, NULL, NULL, 0),
	(1507, '첫 글 제목입니다.', '첫 글 본문입니다.', 'driver01', 0, '2018-11-16 09:50:44', 1507, 0, 0, 1, NULL, NULL, 0),
	(1508, '두번째 글 제목입니다.', '두 번째 글 본문입니다.', 'rider01', 0, '2018-11-16 09:50:44', 1508, 0, 0, 1, NULL, NULL, 0),
	(1509, '세번째 글 제목입니다.', '세 번째 글 본문입니다.', 'user01', 0, '2018-11-16 09:50:44', 1509, 0, 0, 1, NULL, NULL, 0),
	(1510, '네번째 글 제목입니다.', '네 번째 글 본문입니다.', 'admin01', 0, '2018-11-16 09:50:44', 1510, 0, 0, 1, NULL, NULL, 0),
	(1511, '첫 글 제목입니다.', '첫 글 본문입니다.', 'driver01', 0, '2018-11-16 09:50:44', 1511, 0, 0, 1, NULL, NULL, 0),
	(1512, '두번째 글 제목입니다.', '두 번째 글 본문입니다.', 'rider01', 0, '2018-11-16 09:50:44', 1512, 0, 0, 1, NULL, NULL, 0),
	(1513, '세번째 글 제목입니다.', '세 번째 글 본문입니다.', 'user01', 0, '2018-11-16 09:50:44', 1513, 0, 0, 1, NULL, NULL, 0),
	(1514, '네번째 글 제목입니다.', '네 번째 글 본문입니다.', 'admin01', 0, '2018-11-16 09:50:44', 1514, 0, 0, 1, NULL, NULL, 0),
	(1515, '첫 글 제목입니다.', '첫 글 본문입니다.', 'driver01', 0, '2018-11-16 09:50:44', 1515, 0, 0, 1, NULL, NULL, 0),
	(1516, '두번째 글 제목입니다.', '두 번째 글 본문입니다.', 'rider01', 0, '2018-11-16 09:50:44', 1516, 0, 0, 1, NULL, NULL, 0),
	(1517, '세번째 글 제목입니다.', '세 번째 글 본문입니다.', 'user01', 0, '2018-11-16 09:50:44', 1517, 0, 0, 1, NULL, NULL, 0),
	(1518, '네번째 글 제목입니다.', '네 번째 글 본문입니다.', 'admin01', 4, '2018-11-16 09:50:44', 1518, 0, 0, 1, NULL, NULL, 0),
	(1519, '첫 글 제목입니다.', '첫 글 본문입니다.', 'driver01', 0, '2018-11-16 09:50:44', 1519, 0, 0, 1, NULL, NULL, 0),
	(1520, '두번째 글 제목입니다.', '두 번째 글 본문입니다.', 'rider01', 0, '2018-11-16 09:50:44', 1520, 0, 0, 1, NULL, NULL, 0),
	(1521, '세번째 글 제목입니다.', '세 번째 글 본문입니다.', 'user01', 0, '2018-11-16 09:50:44', 1521, 0, 0, 1, NULL, NULL, 0),
	(1522, '네번째 글 제목입니다.', '네 번째 글 본문입니다.', 'admin01', 6, '2018-11-16 09:50:44', 1522, 0, 0, 1, NULL, NULL, 0),
	(1523, 'ddd', 'sdfsdfsdfsdfsdfsdf', 'admin001', 2, '2018-11-21 12:29:14', 1523, 0, 0, 1, NULL, 0, 0),
	(1524, 'sadsad', '<p>asdasdsadsadasd</p>\r\n', 'admin001', 1, '2018-11-21 13:12:33', 1524, 0, 0, 1, NULL, 0, 0),
	(1525, 'gdfgdsfgdsfgsdf', '<p><strong>Aadsdfdsg</strong></p>\r\n\r\n<h2 style="font-style:italic;"><strong>l;dfkg;lkjdf;gdfgdfgdf</strong></h2>\r\n', 'admin001', 2, '2018-11-21 18:14:25', 1525, 0, 0, 1, NULL, 0, 0);