
-- 회원 정보 
INSERT INTO `member` (`mno`, `mstate`, `userid`, `userpw`, `name`, `birth`, `email`, `phone`, `gender`, `approval_status`, `approval_key`, `regdate`, `pwdate`, `logdate`, `photo`, `enabled`) VALUES
	(101, 1, 'rider0', '1234', '동승자0', NULL, 'rider0@carpool.com', '010-2222-3333', 2, 'true', NULL, '2018-11-29 15:49:35', NULL, NULL, NULL, 1),
	(102, 1, 'rider1', '1234', '동승자1', NULL, 'rider1@carpool.com', '010-2222-3333', 1, 'true', NULL, '2018-11-29 15:49:35', NULL, NULL, NULL, 1),
	(103, 1, 'rider2', '1234', '동승자2', NULL, 'rider2@carpool.com', '010-2222-3333', 2, 'true', NULL, '2018-11-29 15:49:35', NULL, NULL, NULL, 1),
	(104, 1, 'rider3', '1234', '동승자3', NULL, 'rider3@carpool.com', '010-2222-3333', 1, 'true', NULL, '2018-11-29 15:49:35', NULL, NULL, NULL, 1),
	(105, 1, 'rider4', '1234', '동승자4', NULL, 'rider4@carpool.com', '010-2222-3333', 2, 'true', NULL, '2018-11-29 15:49:35', NULL, NULL, NULL, 1),
	(106, 1, 'rider5', '1234', '동승자5', NULL, 'rider5@carpool.com', '010-2222-3333', 1, 'true', NULL, '2018-11-29 15:49:35', NULL, NULL, NULL, 1),
	(107, 1, 'rider6', '1234', '동승자6', NULL, 'rider6@carpool.com', '010-2222-3333', 2, 'true', NULL, '2018-11-29 15:49:35', NULL, NULL, NULL, 1),
	(108, 1, 'rider7', '1234', '동승자7', NULL, 'rider7@carpool.com', '010-2222-3333', 1, 'true', NULL, '2018-11-29 15:49:35', NULL, NULL, NULL, 1),
	(109, 1, 'rider8', '1234', '동승자8', NULL, 'rider8@carpool.com', '010-2222-3333', 2, 'true', NULL, '2018-11-29 15:49:35', NULL, NULL, NULL, 1),
	(110, 1, 'rider9', '1234', '동승자9', NULL, 'rider9@carpool.com', '010-2222-3333', 1, 'true', NULL, '2018-11-29 15:49:35', NULL, NULL, NULL, 1),
	(111, 1, 'rider10', '1234', '동승자10', NULL, 'rider10@carpool.com', '010-2222-3333', 2, 'true', NULL, '2018-11-29 15:49:35', NULL, NULL, NULL, 1),
	(112, 1, 'rider11', '1234', '동승자11', NULL, 'rider11@carpool.com', '010-2222-3333', 1, 'true', NULL, '2018-11-29 15:49:35', NULL, NULL, NULL, 1),
	(113, 1, 'rider12', '1234', '동승자12', NULL, 'rider12@carpool.com', '010-2222-3333', 2, 'true', NULL, '2018-11-29 15:49:35', NULL, NULL, NULL, 1),
	(114, 1, 'rider13', '1234', '동승자13', NULL, 'rider13@carpool.com', '010-2222-3333', 1, 'true', NULL, '2018-11-29 15:49:35', NULL, NULL, NULL, 1),
	(115, 1, 'rider14', '1234', '동승자14', NULL, 'rider14@carpool.com', '010-2222-3333', 2, 'true', NULL, '2018-11-29 15:49:35', NULL, NULL, NULL, 1),
	(116, 1, 'rider15', '1234', '동승자15', NULL, 'rider15@carpool.com', '010-2222-3333', 1, 'true', NULL, '2018-11-29 15:49:35', NULL, NULL, NULL, 1),
	(117, 1, 'rider16', '1234', '동승자16', NULL, 'rider16@carpool.com', '010-2222-3333', 2, 'true', NULL, '2018-11-29 15:49:35', NULL, NULL, NULL, 1),
	(118, 1, 'rider17', '1234', '동승자17', NULL, 'rider17@carpool.com', '010-2222-3333', 1, 'true', NULL, '2018-11-29 15:49:35', NULL, NULL, NULL, 1),
	(119, 1, 'rider18', '1234', '동승자18', NULL, 'rider18@carpool.com', '010-2222-3333', 2, 'true', NULL, '2018-11-29 15:49:35', NULL, NULL, NULL, 1),
	(120, 1, 'rider19', '1234', '동승자19', NULL, 'rider19@carpool.com', '010-2222-3333', 1, 'true', NULL, '2018-11-29 15:49:35', NULL, NULL, NULL, 1),
	(121, 1, 'rider20', '1234', '동승자20', NULL, 'rider20@carpool.com', '010-2222-3333', 2, 'true', NULL, '2018-11-29 15:49:35', NULL, NULL, NULL, 1),
	(122, 1, 'rider21', '1234', '동승자21', NULL, 'rider21@carpool.com', '010-2222-3333', 1, 'true', NULL, '2018-11-29 15:49:35', NULL, NULL, NULL, 1),
	(123, 1, 'rider22', '1234', '동승자22', NULL, 'rider22@carpool.com', '010-2222-3333', 2, 'true', NULL, '2018-11-29 15:49:35', NULL, NULL, NULL, 1),
	(124, 1, 'rider23', '1234', '동승자23', NULL, 'rider23@carpool.com', '010-2222-3333', 1, 'true', NULL, '2018-11-29 15:49:35', NULL, NULL, NULL, 1),
	(125, 1, 'rider24', '1234', '동승자24', NULL, 'rider24@carpool.com', '010-2222-3333', 2, 'true', NULL, '2018-11-29 15:49:35', NULL, NULL, NULL, 1),
	(126, 1, 'rider25', '1234', '동승자25', NULL, 'rider25@carpool.com', '010-2222-3333', 1, 'true', NULL, '2018-11-29 15:49:35', NULL, NULL, NULL, 1),
	(127, 1, 'rider26', '1234', '동승자26', NULL, 'rider26@carpool.com', '010-2222-3333', 2, 'true', NULL, '2018-11-29 15:49:35', NULL, NULL, NULL, 1),
	(128, 1, 'rider27', '1234', '동승자27', NULL, 'rider27@carpool.com', '010-2222-3333', 1, 'true', NULL, '2018-11-29 15:49:35', NULL, NULL, NULL, 1),
	(129, 1, 'rider28', '1234', '동승자28', NULL, 'rider28@carpool.com', '010-2222-3333', 2, 'true', NULL, '2018-11-29 15:49:35', NULL, NULL, NULL, 1),
	(130, 1, 'rider29', '1234', '동승자29', NULL, 'rider29@carpool.com', '010-2222-3333', 1, 'true', NULL, '2018-11-29 15:49:35', NULL, NULL, NULL, 1),
	(131, 1, 'rider30', '1234', '동승자30', NULL, 'rider30@carpool.com', '010-2222-3333', 2, 'true', NULL, '2018-11-29 15:49:35', NULL, NULL, NULL, 1),
	(132, 1, 'rider31', '1234', '동승자31', NULL, 'rider31@carpool.com', '010-2222-3333', 1, 'true', NULL, '2018-11-29 15:49:35', NULL, NULL, NULL, 1),
	(133, 1, 'rider32', '1234', '동승자32', NULL, 'rider32@carpool.com', '010-2222-3333', 2, 'true', NULL, '2018-11-29 15:49:35', NULL, NULL, NULL, 1),
	(134, 1, 'rider33', '1234', '동승자33', NULL, 'rider33@carpool.com', '010-2222-3333', 1, 'true', NULL, '2018-11-29 15:49:35', NULL, NULL, NULL, 1),
	(135, 1, 'rider34', '1234', '동승자34', NULL, 'rider34@carpool.com', '010-2222-3333', 2, 'true', NULL, '2018-11-29 15:49:35', NULL, NULL, NULL, 1),
	(136, 1, 'rider35', '1234', '동승자35', NULL, 'rider35@carpool.com', '010-2222-3333', 1, 'true', NULL, '2018-11-29 15:49:35', NULL, NULL, NULL, 1),
	(137, 1, 'rider36', '1234', '동승자36', NULL, 'rider36@carpool.com', '010-2222-3333', 2, 'true', NULL, '2018-11-29 15:49:35', NULL, NULL, NULL, 1),
	(138, 1, 'rider37', '1234', '동승자37', NULL, 'rider37@carpool.com', '010-2222-3333', 1, 'true', NULL, '2018-11-29 15:49:35', NULL, NULL, NULL, 1),
	(139, 1, 'rider38', '1234', '동승자38', NULL, 'rider38@carpool.com', '010-2222-3333', 2, 'true', NULL, '2018-11-29 15:49:35', NULL, NULL, NULL, 1),
	(140, 1, 'rider39', '1234', '동승자39', NULL, 'rider39@carpool.com', '010-2222-3333', 1, 'true', NULL, '2018-11-29 15:49:35', NULL, NULL, NULL, 1),
	(141, 1, 'rider40', '1234', '동승자40', NULL, 'rider40@carpool.com', '010-2222-3333', 2, 'true', NULL, '2018-11-29 15:49:35', NULL, NULL, NULL, 1),
	(142, 1, 'rider41', '1234', '동승자41', NULL, 'rider41@carpool.com', '010-2222-3333', 1, 'true', NULL, '2018-11-29 15:49:35', NULL, NULL, NULL, 1),
	(143, 1, 'rider42', '1234', '동승자42', NULL, 'rider42@carpool.com', '010-2222-3333', 2, 'true', NULL, '2018-11-29 15:49:35', NULL, NULL, NULL, 1),
	(144, 1, 'rider43', '1234', '동승자43', NULL, 'rider43@carpool.com', '010-2222-3333', 1, 'true', NULL, '2018-11-29 15:49:35', NULL, NULL, NULL, 1),
	(145, 1, 'rider44', '1234', '동승자44', NULL, 'rider44@carpool.com', '010-2222-3333', 2, 'true', NULL, '2018-11-29 15:49:35', NULL, NULL, NULL, 1),
	(146, 1, 'rider45', '1234', '동승자45', NULL, 'rider45@carpool.com', '010-2222-3333', 1, 'true', NULL, '2018-11-29 15:49:35', NULL, NULL, NULL, 1),
	(147, 1, 'rider46', '1234', '동승자46', NULL, 'rider46@carpool.com', '010-2222-3333', 2, 'true', NULL, '2018-11-29 15:49:35', NULL, NULL, NULL, 1),
	(148, 1, 'rider47', '1234', '동승자47', NULL, 'rider47@carpool.com', '010-2222-3333', 1, 'true', NULL, '2018-11-29 15:49:35', NULL, NULL, NULL, 1),
	(149, 1, 'rider48', '1234', '동승자48', NULL, 'rider48@carpool.com', '010-2222-3333', 2, 'true', NULL, '2018-11-29 15:49:35', NULL, NULL, NULL, 1),
	(150, 1, 'rider49', '1234', '동승자49', NULL, 'rider49@carpool.com', '010-2222-3333', 1, 'true', NULL, '2018-11-29 15:49:35', NULL, NULL, NULL, 1),
	(151, 1, 'rider50', '1234', '동승자50', NULL, 'rider50@carpool.com', '010-2222-3333', 2, 'true', NULL, '2018-11-29 15:49:35', NULL, NULL, NULL, 1),
	(152, 1, 'rider51', '1234', '동승자51', NULL, 'rider51@carpool.com', '010-2222-3333', 1, 'true', NULL, '2018-11-29 15:49:35', NULL, NULL, NULL, 1),
	(153, 1, 'rider52', '1234', '동승자52', NULL, 'rider52@carpool.com', '010-2222-3333', 2, 'true', NULL, '2018-11-29 15:49:35', NULL, NULL, NULL, 1),
	(154, 1, 'rider53', '1234', '동승자53', NULL, 'rider53@carpool.com', '010-2222-3333', 1, 'true', NULL, '2018-11-29 15:49:35', NULL, NULL, NULL, 1),
	(155, 1, 'rider54', '1234', '동승자54', NULL, 'rider54@carpool.com', '010-2222-3333', 2, 'true', NULL, '2018-11-29 15:49:35', NULL, NULL, NULL, 1),
	(156, 1, 'rider55', '1234', '동승자55', NULL, 'rider55@carpool.com', '010-2222-3333', 1, 'true', NULL, '2018-11-29 15:49:35', NULL, NULL, NULL, 1),
	(157, 1, 'rider56', '1234', '동승자56', NULL, 'rider56@carpool.com', '010-2222-3333', 2, 'true', NULL, '2018-11-29 15:49:35', NULL, NULL, NULL, 1),
	(158, 1, 'rider57', '1234', '동승자57', NULL, 'rider57@carpool.com', '010-2222-3333', 1, 'true', NULL, '2018-11-29 15:49:35', NULL, NULL, NULL, 1),
	(159, 1, 'rider58', '1234', '동승자58', NULL, 'rider58@carpool.com', '010-2222-3333', 2, 'true', NULL, '2018-11-29 15:49:35', NULL, NULL, NULL, 1),
	(160, 1, 'rider59', '1234', '동승자59', NULL, 'rider59@carpool.com', '010-2222-3333', 1, 'true', NULL, '2018-11-29 15:49:35', NULL, NULL, NULL, 1),
	(161, 1, 'rider60', '1234', '동승자60', NULL, 'rider60@carpool.com', '010-2222-3333', 2, 'true', NULL, '2018-11-29 15:49:35', NULL, NULL, NULL, 1),
	(162, 1, 'rider61', '1234', '동승자61', NULL, 'rider61@carpool.com', '010-2222-3333', 1, 'true', NULL, '2018-11-29 15:49:35', NULL, NULL, NULL, 1),
	(163, 1, 'rider62', '1234', '동승자62', NULL, 'rider62@carpool.com', '010-2222-3333', 2, 'true', NULL, '2018-11-29 15:49:35', NULL, NULL, NULL, 1),
	(164, 1, 'rider63', '1234', '동승자63', NULL, 'rider63@carpool.com', '010-2222-3333', 1, 'true', NULL, '2018-11-29 15:49:35', NULL, NULL, NULL, 1),
	(165, 1, 'rider64', '1234', '동승자64', NULL, 'rider64@carpool.com', '010-2222-3333', 2, 'true', NULL, '2018-11-29 15:49:35', NULL, NULL, NULL, 1),
	(166, 1, 'rider65', '1234', '동승자65', NULL, 'rider65@carpool.com', '010-2222-3333', 1, 'true', NULL, '2018-11-29 15:49:35', NULL, NULL, NULL, 1),
	(167, 1, 'rider66', '1234', '동승자66', NULL, 'rider66@carpool.com', '010-2222-3333', 2, 'true', NULL, '2018-11-29 15:49:35', NULL, NULL, NULL, 1),
	(168, 1, 'rider67', '1234', '동승자67', NULL, 'rider67@carpool.com', '010-2222-3333', 1, 'true', NULL, '2018-11-29 15:49:35', NULL, NULL, NULL, 1),
	(169, 1, 'rider68', '1234', '동승자68', NULL, 'rider68@carpool.com', '010-2222-3333', 2, 'true', NULL, '2018-11-29 15:49:35', NULL, NULL, NULL, 1),
	(170, 1, 'rider69', '1234', '동승자69', NULL, 'rider69@carpool.com', '010-2222-3333', 1, 'true', NULL, '2018-11-29 15:49:35', NULL, NULL, NULL, 1),
	(171, 1, 'rider70', '1234', '동승자70', NULL, 'rider70@carpool.com', '010-2222-3333', 2, 'true', NULL, '2018-11-29 15:49:35', NULL, NULL, NULL, 1),
	(172, 1, 'rider71', '1234', '동승자71', NULL, 'rider71@carpool.com', '010-2222-3333', 1, 'true', NULL, '2018-11-29 15:49:35', NULL, NULL, NULL, 1),
	(173, 1, 'rider72', '1234', '동승자72', NULL, 'rider72@carpool.com', '010-2222-3333', 2, 'true', NULL, '2018-11-29 15:49:35', NULL, NULL, NULL, 1),
	(174, 1, 'rider73', '1234', '동승자73', NULL, 'rider73@carpool.com', '010-2222-3333', 1, 'true', NULL, '2018-11-29 15:49:35', NULL, NULL, NULL, 1),
	(175, 1, 'rider74', '1234', '동승자74', NULL, 'rider74@carpool.com', '010-2222-3333', 2, 'true', NULL, '2018-11-29 15:49:35', NULL, NULL, NULL, 1),
	(176, 1, 'rider75', '1234', '동승자75', NULL, 'rider75@carpool.com', '010-2222-3333', 1, 'true', NULL, '2018-11-29 15:49:35', NULL, NULL, NULL, 1),
	(177, 1, 'rider76', '1234', '동승자76', NULL, 'rider76@carpool.com', '010-2222-3333', 2, 'true', NULL, '2018-11-29 15:49:35', NULL, NULL, NULL, 1),
	(178, 1, 'rider77', '1234', '동승자77', NULL, 'rider77@carpool.com', '010-2222-3333', 1, 'true', NULL, '2018-11-29 15:49:35', NULL, NULL, NULL, 1),
	(179, 1, 'rider78', '1234', '동승자78', NULL, 'rider78@carpool.com', '010-2222-3333', 2, 'true', NULL, '2018-11-29 15:49:35', NULL, NULL, NULL, 1),
	(180, 1, 'rider79', '1234', '동승자79', NULL, 'rider79@carpool.com', '010-2222-3333', 1, 'true', NULL, '2018-11-29 15:49:35', NULL, NULL, NULL, 1),
	(181, 1, 'driver80', '1234', '운전자80', NULL, 'driver80@carpool.com', '010-2222-3333', 2, 'true', NULL, '2018-11-29 15:49:35', NULL, NULL, NULL, 1),
	(182, 1, 'driver81', '1234', '운전자81', NULL, 'driver81@carpool.com', '010-2222-3333', 1, 'true', NULL, '2018-11-29 15:49:35', NULL, NULL, NULL, 1),
	(183, 1, 'driver82', '1234', '운전자82', NULL, 'driver82@carpool.com', '010-2222-3333', 2, 'true', NULL, '2018-11-29 15:49:35', NULL, NULL, NULL, 1),
	(184, 1, 'driver83', '1234', '운전자83', NULL, 'driver83@carpool.com', '010-2222-3333', 1, 'true', NULL, '2018-11-29 15:49:35', NULL, NULL, NULL, 1),
	(185, 1, 'driver84', '1234', '운전자84', NULL, 'driver84@carpool.com', '010-2222-3333', 2, 'true', NULL, '2018-11-29 15:49:35', NULL, NULL, NULL, 1),
	(186, 1, 'driver85', '1234', '운전자85', NULL, 'driver85@carpool.com', '010-2222-3333', 1, 'true', NULL, '2018-11-29 15:49:35', NULL, NULL, NULL, 1),
	(187, 1, 'driver86', '1234', '운전자86', NULL, 'driver86@carpool.com', '010-2222-3333', 2, 'true', NULL, '2018-11-29 15:49:35', NULL, NULL, NULL, 1),
	(188, 1, 'driver87', '1234', '운전자87', NULL, 'driver87@carpool.com', '010-2222-3333', 1, 'true', NULL, '2018-11-29 15:49:35', NULL, NULL, NULL, 1),
	(189, 1, 'driver88', '1234', '운전자88', NULL, 'driver88@carpool.com', '010-2222-3333', 2, 'true', NULL, '2018-11-29 15:49:35', NULL, NULL, NULL, 1),
	(190, 1, 'driver89', '1234', '운전자89', NULL, 'driver89@carpool.com', '010-2222-3333', 1, 'true', NULL, '2018-11-29 15:49:35', NULL, NULL, NULL, 1),
	(191, 1, 'admin90', '1234', '관리자90', NULL, 'admin90@carpool.com', '010-2222-3333', 2, 'true', NULL, '2018-11-14 23:32:44', '2018-11-14 23:32:46', NULL, NULL, 1),
	(192, 1, 'admin91', '1234', '관리자91', NULL, 'admin91@carpool.com', '010-2222-3333', 1, 'true', NULL, '2018-11-29 15:49:35', NULL, NULL, NULL, 1),
	(193, 1, 'admin92', '1234', '관리자92', NULL, 'admin92@carpool.com', '010-2222-3333', 2, 'true', NULL, '2018-11-29 15:49:35', NULL, NULL, NULL, 1),
	(194, 1, 'admin93', '1234', '관리자93', NULL, 'admin93@carpool.com', '010-2222-3333', 1, 'true', NULL, '2018-11-29 15:49:35', NULL, NULL, NULL, 1),
	(195, 1, 'admin94', '1234', '관리자94', NULL, 'admin94@carpool.com', '010-2222-3333', 2, 'true', NULL, '2018-11-29 15:49:35', NULL, NULL, NULL, 1),
	(196, 1, 'admin95', '1234', '관리자95', NULL, 'admin95@carpool.com', '010-2222-3333', 1, 'true', NULL, '2018-11-29 15:49:35', NULL, NULL, NULL, 1),
	(197, 1, 'admin96', '1234', '관리자96', NULL, 'admin96@carpool.com', '010-2222-3333', 2, 'true', NULL, '2018-11-29 15:49:35', NULL, NULL, NULL, 1),
	(198, 1, 'admin97', '1234', '관리자97', NULL, 'admin97@carpool.com', '010-2222-3333', 1, 'true', NULL, '2018-11-29 15:49:35', NULL, NULL, NULL, 1),
	(199, 1, 'admin98', '1234', '관리자98', NULL, 'admin98@carpool.com', '010-2222-3333', 2, 'true', NULL, '2018-11-29 15:49:35', NULL, NULL, NULL, 1),
	(200, 1, 'admin99', '1234', '관리자99', NULL, 'admin99@carpool.com', '010-2222-3333', 1, 'true', NULL, '2018-11-29 15:49:35', NULL, NULL, NULL, 1);

SET FOREIGN_KEY_CHECKS = 0;
-- 회원 권한 정보 입력
INSERT INTO `member_auth` (`userid`, `authority`, `sessionKey`, `sessionLimit`) VALUES
	('rider0', 'ROLE_RIDER', NULL, NULL),	('rider1', 'ROLE_RIDER', 'D32A27B28AE208A1E92B10D55A41A77A', '2018-12-02 17:17:47'),
	('rider2', 'ROLE_RIDER', NULL, NULL),	('rider3', 'ROLE_RIDER', NULL, NULL),	('rider4', 'ROLE_RIDER', NULL, NULL),	('rider5', 'ROLE_RIDER', NULL, NULL),
	('rider6', 'ROLE_RIDER', NULL, NULL),	('rider7', 'ROLE_RIDER', NULL, NULL),	('rider8', 'ROLE_RIDER', NULL, NULL),	('rider9', 'ROLE_RIDER', NULL, NULL),
	('rider10', 'ROLE_RIDER', NULL, NULL), ('rider11', 'ROLE_RIDER', NULL, NULL),	('rider12', 'ROLE_RIDER', NULL, NULL), ('rider13', 'ROLE_RIDER', NULL, NULL),
	('rider14', 'ROLE_RIDER', NULL, NULL), ('rider15', 'ROLE_RIDER', NULL, NULL),	('rider16', 'ROLE_RIDER', NULL, NULL), ('rider17', 'ROLE_RIDER', NULL, NULL),
	('rider18', 'ROLE_RIDER', NULL, NULL), ('rider19', 'ROLE_RIDER', NULL, NULL),	('rider20', 'ROLE_RIDER', NULL, NULL), ('rider21', 'ROLE_RIDER', NULL, NULL),
	('rider22', 'ROLE_RIDER', NULL, NULL), ('rider23', 'ROLE_RIDER', NULL, NULL),	('rider24', 'ROLE_RIDER', NULL, NULL), ('rider25', 'ROLE_RIDER', NULL, NULL),
	('rider26', 'ROLE_RIDER', NULL, NULL), ('rider27', 'ROLE_RIDER', NULL, NULL),	('rider28', 'ROLE_RIDER', NULL, NULL), ('rider29', 'ROLE_RIDER', NULL, NULL),
	('rider30', 'ROLE_RIDER', NULL, NULL), ('rider31', 'ROLE_RIDER', NULL, NULL),	('rider32', 'ROLE_RIDER', NULL, NULL), ('rider33', 'ROLE_RIDER', NULL, NULL),
	('rider34', 'ROLE_RIDER', NULL, NULL), ('rider35', 'ROLE_RIDER', NULL, NULL),	('rider36', 'ROLE_RIDER', NULL, NULL), ('rider37', 'ROLE_RIDER', NULL, NULL),
	('rider38', 'ROLE_RIDER', NULL, NULL), ('rider39', 'ROLE_RIDER', NULL, NULL),	('rider40', 'ROLE_RIDER', NULL, NULL), ('rider41', 'ROLE_RIDER', NULL, NULL),
	('rider42', 'ROLE_RIDER', NULL, NULL), ('rider43', 'ROLE_RIDER', NULL, NULL),	('rider44', 'ROLE_RIDER', NULL, NULL), ('rider45', 'ROLE_RIDER', NULL, NULL),
	('rider46', 'ROLE_RIDER', NULL, NULL), ('rider47', 'ROLE_RIDER', NULL, NULL),	('rider48', 'ROLE_RIDER', NULL, NULL), ('rider49', 'ROLE_RIDER', NULL, NULL),
	('rider50', 'ROLE_RIDER', NULL, NULL), ('rider51', 'ROLE_RIDER', NULL, NULL),	('rider52', 'ROLE_RIDER', NULL, NULL), ('rider53', 'ROLE_RIDER', NULL, NULL),
	('rider54', 'ROLE_RIDER', NULL, NULL), ('rider55', 'ROLE_RIDER', NULL, NULL),	('rider56', 'ROLE_RIDER', NULL, NULL), ('rider57', 'ROLE_RIDER', NULL, NULL),
	('rider58', 'ROLE_RIDER', NULL, NULL), ('rider59', 'ROLE_RIDER', NULL, NULL),	('rider60', 'ROLE_RIDER', NULL, NULL), ('rider61', 'ROLE_RIDER', NULL, NULL),
	('rider62', 'ROLE_RIDER', NULL, NULL), ('rider63', 'ROLE_RIDER', NULL, NULL),	('rider64', 'ROLE_RIDER', NULL, NULL), ('rider65', 'ROLE_RIDER', NULL, NULL),
	('rider66', 'ROLE_RIDER', NULL, NULL), ('rider67', 'ROLE_RIDER', NULL, NULL),	('rider68', 'ROLE_RIDER', NULL, NULL), ('rider69', 'ROLE_RIDER', NULL, NULL),
	('rider70', 'ROLE_RIDER', NULL, NULL), ('rider71', 'ROLE_RIDER', NULL, NULL),	('rider72', 'ROLE_RIDER', NULL, NULL), ('rider73', 'ROLE_RIDER', NULL, NULL),
	('rider74', 'ROLE_RIDER', NULL, NULL), ('rider75', 'ROLE_RIDER', NULL, NULL),	('rider76', 'ROLE_RIDER', NULL, NULL), ('rider77', 'ROLE_RIDER', NULL, NULL),
	('rider78', 'ROLE_RIDER', NULL, NULL), ('rider79', 'ROLE_RIDER', NULL, NULL),	('driver80', 'ROLE_DRIVER', NULL, NULL), ('driver81', 'ROLE_DRIVER', NULL, NULL),
	('driver82', 'ROLE_DRIVER', NULL, NULL), ('driver83', 'ROLE_DRIVER', NULL, NULL),	('driver84', 'ROLE_DRIVER', NULL, NULL), ('driver85', 'ROLE_DRIVER', NULL, NULL),
	('driver86', 'ROLE_DRIVER', NULL, NULL), ('driver87', 'ROLE_DRIVER', NULL, NULL),	('driver88', 'ROLE_DRIVER', NULL, NULL), ('driver89', 'ROLE_DRIVER', NULL, NULL),
	('admin90', 'ROLE_ADMIN', NULL, NULL), ('admin91', 'ROLE_ADMIN', NULL, NULL),	('admin92', 'ROLE_ADMIN', NULL, NULL), ('admin93', 'ROLE_ADMIN', NULL, NULL),
	('admin94', 'ROLE_ADMIN', NULL, NULL), ('admin95', 'ROLE_ADMIN', NULL, NULL),	('admin96', 'ROLE_ADMIN', NULL, NULL), ('admin97', 'ROLE_ADMIN', NULL, NULL),
	('admin98', 'ROLE_ADMIN', NULL, NULL), ('admin99', 'ROLE_ADMIN', NULL, NULL),	('exam01', 'ROLE_RIDER', NULL, NULL);

-- 드라이버 정보
INSERT INTO `driver` (`mno`, `license_no`, `car_no`, `car_prod`, `car_model`, `car_color`, `car_year`, `insurance`, `license_photo`, `license_chk`, `insurance_photo`, `insurance_chk`, `car_photo`, `car_photo_chk`, `carReg_photo`, `carReg_photo_chk`, `post_date`, `post_state`) VALUES
	(181, '11-12-123456-78', '38육 4104', '현대', '소나타NF', '회색', '2014', '대물손배상2', NULL, NULL, NULL, NULL, NULL, NULL, NULL, NULL, NULL, 1),
	(182, '22-33-123485-99', '28두 8888', '기아', '소렌토', '검정색', '2013', '대물손배상2', NULL, NULL, NULL, NULL, NULL, NULL, NULL, NULL, NULL, 1),
	(183, '33-55-666666-88', '33소 7788', 'GM대우', '스파크', '빨강색', '2016', '대물손배상2', NULL, NULL, NULL, NULL, NULL, NULL, NULL, NULL, NULL, 1),
	(186, '11-222222-1185', '85모 3456', '현대', '스타랙스', '회색', '2016', '대물손배상2', 'rider01_license.jpg', NULL, 'rider01_insurance.jpg', NULL, 'rider01_car.jpg', NULL, 'rider01_carReg.jpg', NULL, NULL, 1);

-- 카풀 정보
INSERT INTO `carpool_info` (`cpno`, `start_point`, `cptype`, `end_point`, `start_long`, `start_lat`, `end_long`, `end_lat`, `start_datetime`, `seat_num`, `charge`, `seat_opt`, `drive_opt`, `trunk_use`, `smoke_use`, `req_msg`, `mno`, `reg_date`) VALUES
	(1, '인천 연수구 경원대로 지하 480 (선학동, 선학역)', 1, '서울 종로구 삼일대로 382 (관철동, 신영빌딩)', '126.69895861120985', '37.42712377335625', '126.9879833865063', '37.568708602313606', '2018-11-29 06:15:00', 3, 5000, 2, 2, 0, 0, '좋은 느낌으로 갑시다.', 27, '2018-11-22 22:58:39'),
	(3, '인천 연수구 경원대로 지하 368 (선학동, 신연수역)', 1, '서울 강남구 강남대로 298 (역삼동, 푸르덴셜타워)', '126.69385312497738', '37.41795274923142', '127.03211770708097', '37.490032989598795', '2018-11-13 09:00:00', 2, 5000, 1, 1, 1, 0, 'ㄴㅇㄹㅇㄴㄹㅇㄴ', 102, '2018-11-26 10:04:50'),
	(4, '인천 미추홀구 매소홀로 618 (문학동, 문학경기장)', 1, '경기 부천시 경인로 4 (송내동)', '126.68647839588277', '37.43645465912341', '126.75559746431378', '37.48271706666106', '2018-11-30 09:00:00', 1, 2000, 2, 4, 0, 0, 'ㄱㄱㄷㄱㄳㄷㄳ', 102, '2018-11-26 15:33:59'),
	(5, '경기 부천시 고리울로 6 (고강동, 다솔주택)', 1, '서울 강남구 강남대로 478 (논현동, 제우빌딩)', '126.8166546590982', '37.52774444777092', '127.02466878815', '37.505106816104416', '2018-11-29 09:00:00', 2, 5330, 2, 1, 0, 0, 'ㄴㅇㄹㄴㅇㄻㄴ', 105, '2018-11-26 15:35:34'),
	(6, '경기 성남시 분당구 판교로 20 (판교동, 판교원마을3단지아파트)', 1, '경기 고양시 일산동구 일산로 9 (백석동, 흰돌마을 5단지)', '127.08623467878444', '37.387164003315526', '126.7843449798358', '37.64055889018112', '2018-11-28 08:00:00', 3, 8445, 1, 1, 1, 0, '오래 걸립니다.', 106, '2018-11-27 00:21:26'),
	(7, '충남 공주시 유구읍 선학동길 12 (동해리)', 1, '광주 남구 수원지2길 6 (월산동)', '127.01789089967438', '36.61944713197705', '126.90124778506406', '35.150257434579814', '2018-11-28 09:00:00', 1, 10000, 2, 1, 1, 0, 'ㄴㅇㄹㄴㅇㄹㄴㅇㄹㅇㄴㄹ', 132, '2018-11-27 09:57:52'),
	(8, '경기 성남시 분당구 판교역로2번길 2 (백현동, 태진빌딩)', 2, '서울 양천구 목동중앙로 11 (목동, 대원칸타빌2단지아파트)', '0', '0', '0', '0', '2018-11-28 07:25:00', 2, 3000, 2, 3, 0, 0, 'ㄴㅇㄹㄴㅇㄹㄴㅇㄹ', 181, '2018-11-27 15:42:09'),
	(9, '광주 광산구 가삼길 18 (지평동)', 2, '광주 광산구 건재로 761 (본덕동, 해피주유소)', '126.72091706809397', '35.15650570633213', '126.76661231078938', '35.08153321384213', '2018-11-28 08:45:00', 4, 2000, 2, 2, 0, 0, 'ㄴㅇㄹㅇㄴㄹㄴㅇㄹㄴㅇㄹ', 181, '2018-11-27 15:43:27'),
	(10, '서울 마포구 서강대길 3 (신수동, 서강빌딩)', 2, '경기 고양시 일산서구 강선로 140 (일산동, 후곡마을17단지)', '126.93934392704165', '37.54946996079523', '126.7692627087083', '37.67554965084932', '2018-11-30 07:00:00', 2, 3000, 2, 1, 0, 0, '마구마구 입력하기\r\nㅎㅎㅎㅎㅎㅎ', 181, '2018-11-28 16:04:33'),
	(11, '서울 송파구 백제고분로 195 (삼전동, mbc아카데미)', 2, '경기 성남시 분당구 고기로 650 (석운동)', '0', '0', '0', '0', '2018-11-30 19:50:00', 1, 4000, 1, 1, 0, 0, 'ㄴㅇㄹㄴㅇㄹㄴㅇㄹㄴㅇ\r\nㄴㅇㄻㄴㅇ리ㅓㅁ니ㅏㅇㄹ\r\nㄴㅁ아ㅣ럼ㄴ이ㅏㅓ림ㄴ어ㅣ란ㅁㅇ', 182, '2018-11-28 16:07:38'),
	(12, '서울 금천구 가마산로 70 (가산동, 제일정밀사)', 2, '서울 성북구 개운사길 4-6 (안암동5가)', '126.87431493900152', '37.48488161105234', '127.0297860331753', '37.5865559538511', '2018-12-01 01:40:00', 1, 5666, 1, 1, 0, 0, 'ㄴㅇㄹㅇㄹ', 111, '2018-11-29 14:42:51'),
	(13, '부산 금정구 수원지로 5 (회동동)', 1, '서울 강남구 강남대로 708 (압구정동, 한남대교레인보우카폐)', '129.1213263926621', '35.23044520722678', '127.01593273664581', '37.52444025620515', '2018-12-03 05:50:00', 2, 50000, 1, 1, 1, 0, '멀리갑니다.', 182, '2018-11-29 19:55:10'),
	(14, '경기 수원시 권선구 고산로 1-6 (고색동)', 2, '서울 동대문구 경동시장로 1 (제기동)', '126.98224137027941', '37.24688148290098', '127.04095456061285', '37.57913562958926', '2018-12-03 07:00:00', 2, 3000, 2, 4, 0, 0, '드라이버 80 이 운전합니다.', 181, '2018-11-30 10:14:57'),
	(15, '서울 강서구 송정로 4 (공항동, 하나님의교회)', 2, '경기 수원시 권선구 고현로 1-4 (고색동)', '126.81258921983346', '37.555571712202756', '126.98743934453803', '37.24822650701112', '2018-12-05 20:00:00', 2, 4000, 2, 2, 0, 0, '드라이버 80', 181, '2018-11-30 10:16:15'),
	(16, '경기 고양시 일산서구 고양대로 110 (법곳동, 일산자동차공업사)', 2, '서울 종로구 삼일대로17길 51 (관철동, 스타골드빌딩)', '126.72429979986302', '37.660071624570406', '126.98463278288031', '37.56909023584949', '2018-12-04 07:50:00', 1, 2500, 1, 3, 0, 0, '드라이버 81 운전 출근용', 182, '2018-11-30 10:18:17'),
	(17, '서울 종로구 삼일대로17길 51 (관철동, 스타골드빌딩)', 2, '경기 고양시 일산동구 경의로 19 (백석동, 현대밀라트)', '126.98463278288031', '37.56909023584949', '126.78922406406264', '37.638048558558246', '2018-12-04 19:45:00', 2, 3000, 2, 1, 1, 0, '운전자 81 퇴근합니다.', 182, '2018-11-30 10:20:14'),
	(18, '서울 종로구 삼일대로17길 51 (관철동, 스타골드빌딩)', 1, '인천 연수구 송도국제대로 지하 66 (송도동, 캠퍼스타운역)', '126.98463278288031', '37.56909023584949', '126.66218844194859', '37.38835640799164', '2018-12-05 08:20:00', 1, 45000, 1, 1, 0, 1, '담배피고 갑시다.', 104, '2018-11-30 10:23:01'),
	(19, '서울 동작구 관악로30길 27 (사당동, 관악푸르지오)', 1, '경기 성남시 분당구 고기로 256-18 (동원동)', '126.96182357947933', '37.485937007220265', '127.07819727344997', '37.354757897521246', '2018-12-06 07:20:00', 1, 4600, 2, 1, 1, 1, '편안한 카풀운행 부탁합니다.', 105, '2018-11-30 10:25:55'),
	(20, '경기 성남시 분당구 고기로 650 (석운동)', 1, '서울 동대문구 경동시장로2길 45 (청량리동)', '127.04401014026932', '37.36909107613018', '127.04349570612183', '37.58039250805218', '2018-12-06 21:00:00', 1, 6000, 2, 1, 1, 0, '안전한 운행을 부탁합니다.', 105, '2018-11-30 10:27:18'),
	(21, '인천 연수구 경원대로 지하 480 (선학동, 선학역)', 1, '서울 종로구 삼일대로17길 51 (관철동, 스타골드빌딩)', '126.69895861120985', '37.42712377335625', '126.98463278288031', '37.56909023584949', '2018-12-06 07:00:00', 1, 2000, 2, 1, 1, 0, 'ㅎㅎㅎㅎㅎㅎㅎㅎ', 203, '2018-11-30 15:00:37'),
	(22, '경기 성남시 분당구 대왕판교로 477 (판교동, 낙생고등학교)', 2, '서울 종로구 삼일대로 382 (관철동, 신영빌딩)', '127.10037535203709', '37.38610405541654', '126.9879833865063', '37.568708602313606', '2018-12-05 08:10:00', 3, 2000, 1, 1, 1, 0, 'ㅇㄴㅇㄴㄴㅇㅇㄹ', 182, '2018-11-30 15:14:14');
	
-- 카풀 매치	
INSERT INTO `carpool_match` (`matchno`, `mno`, `cpno`, `match_date`, `progress`, `isdriver`, `payno`, `cpnum`, `paysum`) VALUES
	(1, 181, 4, '2018-11-28 16:05:17', 1, 1, NULL, 1, 2000),
	(2, 102, 9, '2018-11-28 16:08:20', 1, 0, NULL, 1, 2000),
	(3, 102, 8, '2018-11-28 16:08:50', 1, 0, NULL, 2, 6000),
	(4, 103, 8, '2018-11-29 07:41:12', 2, 0, 'imp_673729579137', 1, 3000),
	(5, 104, 15, '2018-11-30 10:23:22', 1, 0, NULL, 1, 4000),
	(6, 104, 17, '2018-11-30 10:23:48', 0, 0, NULL, 1, 3000),
	(7, 104, 14, '2018-11-30 10:24:06', 0, 0, NULL, 1, 3000),
	(8, 105, 15, '2018-11-30 10:27:36', 1, 0, NULL, 1, 4000),
	(9, 105, 17, '2018-11-30 10:27:46', 0, 0, NULL, 1, 3000),
	(10, 105, 14, '2018-11-30 10:27:59', 0, 0, NULL, 1, 3000),
	(11, 105, 14, '2018-11-30 10:28:07', 0, 0, NULL, 1, 3000),
	(12, 105, 16, '2018-11-30 10:28:28', 0, 0, NULL, 1, 2500),
	(13, 106, 17, '2018-11-30 13:13:46', 1, 0, NULL, 1, 3000),
	(14, 182, 21, '2018-11-30 15:01:52', 1, 1, NULL, 1, 2000),
	(15, 182, 21, '2018-11-30 15:02:47', 0, 1, NULL, 1, 2000),
	(16, 203, 17, '2018-11-30 15:04:38', 1, 0, NULL, 1, 3000);
-- 결제 정보
INSERT INTO `payment` (`payno`, `apply_num`, `matchno`, `payer`, `driver`, `pay_date`, `amount`) VALUES
	('imp_185769432618', '00710226', 5, 104, 181, '1970-01-19 05:45:46', 4000),
	('imp_226936252168', '00343188', 8, 105, 181, '1970-01-19 05:45:46', 4000),
	('imp_349249626448', '00401486', 8, 105, 181, '1970-01-19 05:45:47', 4000),
	('imp_389903215191', '00812629', 3, 103, 182, '1970-01-19 05:43:21', 2000),
	('imp_420361638179', '00720717', 8, 105, 181, '1970-01-19 05:45:46', 4000),
	('imp_520185615939', '00016319', 13, 106, 182, '1970-01-19 05:45:52', 3000),
	('imp_564834564855', '00151605', 8, 105, 181, '1970-01-19 05:51:45', 4000),
	('imp_673729579137', '00966617', 3, 101, 181, '1970-01-19 05:44:36', 2000),
	('imp_855982079442', '00665014', 16, 203, 182, '1970-01-19 05:45:58', 3000),
	('imp_863397367595', '00741921', 5, 104, 181, '1970-01-19 05:45:45', 4000),
	('imp_971092169472', '00645926', 8, 105, 181, '1970-01-19 05:45:46', 4000);
	
-- 메세지 
INSERT INTO `message` (`msg_id`, `msg_type`, `receiver`, `sender`, `body`, `open_date`, `send_date`) VALUES
	(1, 0, 'driver01', 'rider01', '테스트 메세지입니다.', NULL, '2018-11-23 18:53:19'),
	(4, 0, 'driver01', 'rider01', '테스트 메세지입니다.', NULL, '2018-11-23 19:00:03'),
	(5, 2, 'driver01', 'rider01', '테스트 메세지입니다.', NULL, '2018-11-23 19:01:57'),
	(6, 0, 'driver01', 'rider01', '테스트 메세지입니다.', NULL, '2018-11-23 19:03:09'),
	(7, 0, 'driver01', 'rider01', '테스트 메세지입니다.', NULL, '2018-11-23 19:08:26'),
	(8, 0, 'driver01', 'rider01', '테스트 메세지입니다.', NULL, '2018-11-23 19:10:29'),
	(9, 0, 'driver01', 'rider01', '테스트 메세지입니다.', NULL, '2018-11-23 19:24:48'),
	(10, 0, 'driver01', 'rider01', '테스트 메세지입니다.', NULL, '2018-11-23 19:26:04'),
	(11, 0, 'driver01', 'rider01', '테스트 메세지입니다.', NULL, '2018-11-23 19:29:54'),
	(12, 0, 'driver01', 'rider01', '테스트 메세지입니다.', NULL, '2018-11-23 19:32:14'),
	(13, 0, 'driver01', 'rider01', '테스트 메세지입니다.', NULL, '2018-11-23 19:32:47'),
	(14, 0, 'driver01', 'rider01', '테스트 메세지입니다.', NULL, '2018-11-23 19:33:43');

-- 게시판 정보
INSERT INTO `board` (`bno`,`title`,`content`,`writer`,`pwd`,`reg_date`,`hit`,`grpno`,`step`,`depth`,`btype`) VALUES
   ('1', '[공지사항] 공지사항1', '공지사항1 입니다.', '관리자', NULL, '2018-11-29 19:53:41', '0', '1', '0', '0', '0'),
   ('2', '[공지사항] 공지사항2', '공지사항2 입니다.', '관리자', NULL, '2018-11-29 19:53:41', '0', '2', '0', '0', '0'),
   ('3', '[공지사항] 공지사항3', '공지사항3 입니다.', '관리자', NULL, '2018-11-29 19:53:41', '0', '3', '0', '0', '0'),
   ('4', '[공지사항] 공지사항4', '공지사항4 입니다.', '관리자', NULL, '2018-11-29 19:53:41', '0', '4', '0', '0', '0'),
   ('5', '[공지사항] 공지사항5', '공지사항5 입니다.', '관리자', NULL, '2018-11-29 19:53:41', '0', '5', '0', '0', '0'),
   ('6', '[공지사항] 공지사항6', '공지사항6 입니다.', '관리자', NULL, '2018-11-29 19:53:41', '0', '6', '0', '0', '0'),
   ('7', '[공지사항] 공지사항7', '공지사항7 입니다.', '관리자', NULL, '2018-11-29 19:53:41', '0', '7', '0', '0', '0'),
   ('8', '[공지사항] 공지사항8', '공지사항8 입니다.', '관리자', NULL, '2018-11-29 19:53:41', '0', '8', '0', '0', '0'),
   ('9', '[공지사항] 공지사항9', '공지사항9 입니다.', '관리자', NULL, '2018-11-29 19:53:41', '0', '9', '0', '0', '0'),
   ('10', '[공지사항] 공지사항10', '공지사항10 입니다.', '관리자', NULL, '2018-11-29 19:53:41', '0', '10', '0', '0', '0'),
   ('11', '[공지사항] 공지사항11', '공지사항11 입니다.', '관리자', NULL, '2018-11-29 19:53:41', '0', '11', '0', '0', '0'),
   ('12', '[공지사항] 공지사항12', '공지사항12 입니다.', '관리자', NULL, '2018-11-29 19:53:41', '0', '12', '0', '0', '0'),
   ('13', '[공지사항] 공지사항13', '공지사항13 입니다.', '관리자', NULL, '2018-11-29 19:53:41', '0', '13', '0', '0', '0'),
   ('14', '[공지사항] 공지사항14', '공지사항14 입니다.', '관리자', NULL, '2018-11-29 19:53:41', '0', '14', '0', '0', '0'),
   ('15', '[공지사항] 공지사항15', '공지사항15 입니다.', '관리자', NULL, '2018-11-29 19:53:41', '0', '15', '0', '0', '0'),
   ('21', '드라이버가 되고 싶어요. 특별한 조건이 있나요?', '<p>렌터카를 제외한 본인 및 가족, 법인명의의 차량이 등록 가능하며 차종은 2011년 이전에 생산된 경차 및 단종된 차량을 제외한 모든 차량이 등록 가능합니다. (2017년도 기준)&nbsp;<br />\r\n가입심사에 필요한 서류는 차량 명의에 따라 다르며 자세한 사항은 가입 시 확인하실 수 있습니다.</p>\r\n', '관리자', NULL, '2018-11-29 19:55:28', '-1', '21', '0', '0', '1'),
   ('22', '서류심사 기간이 얼마나 걸리며 언제부터 운행이 가능한가요?', '<p>주말 및 공휴일 제외한 1~2일 정도의 기간이 걸립니다.&nbsp;</p>\r\n\r\n<p>서류 내용에 문제가 있어 반려되었을 경우 재심사가 필요하여 그보다 오래 걸릴 수 있습니다.</p>\r\n\r\n<p>반려문제 외에 드라이버 접수 폭주로 인해 이틀 안에 심사가 어려운 경우 공지를 통해 고지해드립니다.</p>\r\n', '관리자', NULL, '2018-11-29 19:55:49', '-1', '22', '0', '0', '1'),
   ('23', '출퇴근 길에 카풀을 여러번해도 되나요?', '<p>출퇴근길에 드라이버와 탑승자의 경로에 따라 여러번 가능할 수 있지만 합법적인 카풀의 취지에 부합되어야합니다.&nbsp;<br />\r\n<br />\r\n현재 카풀은 합법으로 유상운송의 예외조항으로 두지만, 카풀의 형태를 이용해 편법적으로 유상운송을 해도된다는 의미가 아닙니다.</p>\r\n\r\n<p>합법과 통념에 벗어나 유상운송 행위를 할 경우에는 여객자동차 운수사업법의 규정에 따라 처벌받을 수 있습니다.</p>\r\n', '관리자', NULL, '2018-11-29 19:56:19', '-1', '23', '0', '0', '1'),
   ('24', '어떠한 상황에서 이용가능 한가요?', '<p>CarTO는 출퇴근 카풀 서비스입니다.<br />\r\n출퇴근 이동 목적에 부합하는 이동시 사용 가능하며, 업무개시를 위해 이동하거나, 업무 종료후 이동 시 이용가능합니다.</p>\r\n', '관리자', NULL, '2018-11-29 19:56:49', '-1', '24', '0', '0', '1'),
   ('25', '서비스 시간(운행시간)이 궁금해요.', '<p>현재 출퇴근시간에 서비스 중입니다.&nbsp;<br />\r\n출퇴근 시간이 법적으로 정해진 시간이 없어 통상적인 시간을 중심으로 출근길 [AM 5시~AM 11시], 퇴근길은 야근하는 경우를 포함 [PM 5시~AM 2시] 까지 이용할 수 있습니다. 3시간 전부터 가능한 예약 기능을 이용하셔서 더욱 원활한 카풀을 즐겨보세요.</p>\r\n', '관리자', NULL, '2018-11-29 20:01:28', '-1', '25', '0', '0', '1'),
   ('26', '서비스 가능한 지역이 궁금해요.', '<p>럭시는 지역에 제한 없이 전국에서 이용 가능한 서비스입니다.</p>\r\n', '관리자', NULL, '2018-11-29 20:01:44', '-1', '26', '0', '0', '1'),
   ('27', 'CarTO는 안전한가요?', '<p>CarTO는&nbsp;드라이버 가입시 필요에 의한 서류들과 차량점검 등을 통해 사전에 안전성을 점검 받습니다.&nbsp;</p>\r\n\r\n<p>또한 가입 후에도 서비스 이용중 드라이버와 탑승자 간에 상호 평가시스템을 통해 서비스에 문제가 있는 회원들은 이용에 제한을 받게됩니다.</p>\r\n\r\n<p>편안하게 이용하실 수 있도록 계속해서 회원님의 안전에 노력할 것입니다.</p>\r\n', '관리자', NULL, '2018-11-29 20:02:31', '-1', '27', '0', '0', '1'),
   ('28', 'CarTO는 어떤 서비스인가요?', '<p>CarTO는 실시간으로 매칭되는 카풀형식의 라이드셰어링 서비스입니다.&nbsp;<br />\r\n<br />\r\n정부에서도 환경보호를 위한 방침으로 카풀은 유송운송법에도 제외 될 만큼 이용을 권장하고 있지만 시간과 동선이 맞는 카풀파트너를 찾는 과정에서 사실상 어려움이 있어 주변사람으로 국한된 카풀만이 이용되고 있었습니다. CarTO는 실제로 필요로하고 이용하고자 하는 대다수 사람에게 제공되는 대중화된 서비스를 기획하게 되었으며 실제로 앱을 통한 실시간 서비스로 필요로 하는 이들에게 바로 제공할 수 있는 편리성에 중점을 두었습니다.&nbsp;<br />\r\n<br />\r\nCarTO는 공유경제플렛폼의 서비스를 운행하며 라이드셰어링 문화를 실천하고 있으며, 지향하는 방향으로 한걸음 더 다가가기 위해 &lsquo;CarTO&nbsp;카풀&rsquo;로 세상에서 가장 편안한 서비스를 제공하고자 합니다.</p>\r\n', '관리자', NULL, '2018-11-29 20:03:17', '-1', '28', '0', '0', '1'),
   ('29', '여럿이 함께타도 되나요?', '<p>드라이버님의 차량 승차정원을 초과하지 않는 한도 내에서 가능합니다.&nbsp;<br />\r\n<br />\r\n카풀요청시 탑승할 인원수를 반드시 설정하여야 하며 카풀을 요청한 사람이 반드시 탑승해야 합니다.<br />\r\n드라이버는 현장에서 탑승자의 수가 다를 경우 탑승거부를 할 수 있습니다.&nbsp;<br />\r\n<br />\r\n단, 카풀요청시 설정한 도착지외에 중간에 따로 하차하는 것은 불가합니다. 또한 운행 중 사고가 난 경우, 카풀을 요청한 한 명의 탑승자만 보호법에 적용되며, 나머지 탑승자는 보호법을 적용받을 수 없습니다. 이점 참고하여 이용하여 주시기 바랍니다</p>\r\n', '관리자', NULL, '2018-11-29 20:03:38', '-1', '29', '0', '0', '1'),
   ('30', '서비스 시간 외에도 운행이 가능한가요?', '<p>카풀서비스는 출퇴근시에만 합법화된 서비스로 그 이외에 시간에 서비스 되는것은 법을 위반하게 됩니다.&nbsp;<br />\r\n이런 행위에 대한 처벌 규정이 법에 명시되어 있으며, 본인의 행위에 따른 법적조치는 스스로의 책임임을 명심해주세요. 럭시는 법규 내에서 새로운 가치를 지닌 서비스를 구현시키는데 목적이 있으며, 럭시 드라이버도 새로운 라이드 셰어링 문화에 바른시선으로 함께 참여해주시길 부탁드립니다.</p>\r\n', '관리자', NULL, '2018-11-29 20:04:29', '-1', '30', '0', '0', '1'),
   ('31', '묻기', '<p>묻기</p>\r\n', 'rider0', NULL, '2018-11-29 20:06:07', '1', '31', '0', '0', '2'),
   ('32', '[답변] 묻기', '답하기', '관리자', NULL, '2018-11-29 20:06:38', '0', '31', '1', '1', '2'),
   ('33', '질문있어요!', '<p>질문ㅇ</p>\r\n', 'rider1', NULL, '2018-12-06 05:50:38', '1', '33', '0', '0', '2'),
   ('34', '궁금합니다', '<p>궁금궁금</p>\r\n', 'rider1', NULL, '2018-12-06 05:51:01', '1', '34', '0', '0', '2'),
   ('35', '질문', '<p>아하기싫어</p>\r\n', 'rider1', NULL, '2018-12-06 05:51:16', '2', '35', '0', '0', '2'),
   ('36', '[답변] 질문', '[답변]', '관리자', NULL, '2018-12-06 05:52:24', '0', '35', '1', '1', '2'),
   ('37', '[답변] 궁금합니다', 'ㅇ', '관리자', NULL, '2018-12-06 05:52:35', '0', '34', '1', '1', '2'),
     ('38', '[답변] 질문있어요!', 'ㄴ', '관리자', NULL, '2018-12-06 05:52:52', '0', '33', '1', '1', '2');
